repo,sha,title,author,committer_date,url,decision,signal,review_level,reason
NVIDIA-NeMo/RL,6c5f78b0d971681bace70240dadea2af140cdc16,refactor(loss): move loss-input preparation into loss_input.py (#4232),Yuki Huang,2026-09-22T08:09:55Z,https://github.com/NVIDIA-NeMo/RL/commit/6c5f78b0d971681bace70240dadea2af140cdc16,Observe,,title_triage,保留候选；未凭标题接受
NVIDIA-NeMo/RL,a9c31782a79a9b7dccdf7a877a9abb9e7f8727f8,feat(draft): preserve split-step normalization parity (#3706),Seonjin,2026-09-22T06:00:32Z,https://github.com/NVIDIA-NeMo/RL/commit/a9c31782a79a9b7dccdf7a877a9abb9e7f8727f8,Observe,,title_triage,保留候选；未凭标题接受
NVIDIA-NeMo/RL,9ce38d7f5399119cd176f6d02afd2a1d479be13f,test: re-enable nemotron omni clevr megatron single-controller L1 test (#4231),Yuki Huang,2026-09-22T04:58:44Z,https://github.com/NVIDIA-NeMo/RL/commit/9ce38d7f5399119cd176f6d02afd2a1d479be13f,Ignore,,title_triage,CI/docs/test/chore 标题初筛；不宣称无运行时影响
NVIDIA-NeMo/RL,e07b6daa26e511a84a14047ec9f01c52be4bfe91,ci: install research folder dependencies & discover research test suites (#4216),Sajad Norouzi,2026-09-22T01:04:59Z,https://github.com/NVIDIA-NeMo/RL/commit/e07b6daa26e511a84a14047ec9f01c52be4bfe91,Ignore,,title_triage,CI/docs/test/chore 标题初筛；不宣称无运行时影响
NVIDIA-NeMo/RL,fd7112c374af23b3bcc392637fb737495f8a3f31,fix(nemo-gym): preserve replica identity during routing (#3374),Ananth Subramaniam,2026-09-21T19:45:14Z,https://github.com/NVIDIA-NeMo/RL/commit/fd7112c374af23b3bcc392637fb737495f8a3f31,Read,G7,selected_diff,新接纳机制，详见信号
NVIDIA-NeMo/RL,350fab73de72c001c88fb581a34ffd98444f72ee,feat(nemo-gym): wire sharded stacks into training (#3373),Ananth Subramaniam,2026-09-21T17:53:12Z,https://github.com/NVIDIA-NeMo/RL/commit/350fab73de72c001c88fb581a34ffd98444f72ee,Read,G7,selected_diff,新接纳机制，详见信号
NVIDIA-NeMo/RL,93b1c1d03474f6e6e122ec84394a5ce07c672b3c,feat(mopd): support multiple teacher checkpoints in full-vocabulary o… (#4045),Rayen,2026-09-21T17:33:37Z,https://github.com/NVIDIA-NeMo/RL/commit/93b1c1d03474f6e6e122ec84394a5ce07c672b3c,Observe,9/22 A6,selected_diff,已接纳，去重
NVIDIA-NeMo/RL,8535caefc6cf2e34330e2e24b6dc28c42fbee880,fix(LOO-Norm-Advantage): Fix spike in LOO normed advantage. (#4158),Cory Ye,2026-09-21T16:22:46Z,https://github.com/NVIDIA-NeMo/RL/commit/8535caefc6cf2e34330e2e24b6dc28c42fbee880,Observe,,title_triage,保留候选；未凭标题接受
NVIDIA-NeMo/RL,094a932d2a2d36c14f18d9ca98a081d4a6223b16,fix(ppo): rebuild the critic optimizer on a warm start (#4213),bg51717,2026-09-21T14:55:26Z,https://github.com/NVIDIA-NeMo/RL/commit/094a932d2a2d36c14f18d9ca98a081d4a6223b16,Observe,,title_triage,保留候选；未凭标题接受
NVIDIA-NeMo/RL,612d5274059c821dc09c2c90767b546b6f2d50b5,fix(vllm): strip staged token arrays from capture responses (#4206),Pranav Prashant Thombre,2026-09-20T21:01:01Z,https://github.com/NVIDIA-NeMo/RL/commit/612d5274059c821dc09c2c90767b546b6f2d50b5,Observe,,title_triage,保留候选；未凭标题接受
NVIDIA/Megatron-LM,dae135048e9fcb9f75c8fe02ccdd54375711162a,test(moe): enable GroupedMLP fusion in optimizer graph recipe (#7495),Yan Xu,2026-09-21T23:27:54Z,https://github.com/NVIDIA/Megatron-LM/commit/dae135048e9fcb9f75c8fe02ccdd54375711162a,Observe,,title_triage,保留候选；未凭标题接受
NVIDIA/Megatron-LM,1a3c89ec5883999150ff1a57dd1a67a45fd72558,ci: Configure selective unit testing with a repository variable (#7559),Ajay,2026-09-21T23:07:29Z,https://github.com/NVIDIA/Megatron-LM/commit/1a3c89ec5883999150ff1a57dd1a67a45fd72558,Ignore,,title_triage,CI/docs/test/chore 标题初筛；不宣称无运行时影响
NVIDIA/Megatron-LM,c711dc0a7f4f7460045cae18ec2f9ff5f4b92b5e,ci: Configure Transformer Engine CUDA targets for GitHub builds (#7532),Ajay,2026-09-21T21:30:38Z,https://github.com/NVIDIA/Megatron-LM/commit/c711dc0a7f4f7460045cae18ec2f9ff5f4b92b5e,Ignore,,title_triage,CI/docs/test/chore 标题初筛；不宣称无运行时影响
NVIDIA/Megatron-LM,dff2f2e43b0188d98cf1e298926c572d8f688707,Refresh H100 T5 local-norm goldens with full precision (#7439),Yan Xu,2026-09-21T19:55:12Z,https://github.com/NVIDIA/Megatron-LM/commit/dff2f2e43b0188d98cf1e298926c572d8f688707,Observe,,title_triage,保留候选；未凭标题接受
NVIDIA/Megatron-LM,d256386fd29789ef3b9ee5ce74c4b7c10c394c83,Initialize multimodal models from language checkpoints (#7316),Tyler Poon,2026-09-21T18:52:12Z,https://github.com/NVIDIA/Megatron-LM/commit/d256386fd29789ef3b9ee5ce74c4b7c10c394c83,Observe,,title_triage,保留候选；未凭标题接受
NVIDIA/Megatron-LM,5e85e2b27fc29bcf938e8f3b38acfbdecffcc8f3,refactor(training): construct configuration before runtime initialization (#7418),Chen Cui,2026-09-21T18:50:52Z,https://github.com/NVIDIA/Megatron-LM/commit/5e85e2b27fc29bcf938e8f3b38acfbdecffcc8f3,Observe,,title_triage,保留候选；未凭标题接受
NVIDIA/Megatron-LM,8d5555c93a410609f998d778ec03cf10b3aee8ac,[main] moe(perf): Pre-GDR kernel fusion (#5532),Yuzhong Wang,2026-09-21T17:56:17Z,https://github.com/NVIDIA/Megatron-LM/commit/8d5555c93a410609f998d778ec03cf10b3aee8ac,Observe,,title_triage,保留候选；未凭标题接受
NVIDIA/Megatron-LM,bde6af2eb29325649dd71d41e584acb9782706f1,Add speculative decoding support for GDP (#7245),Keshav Santhanam,2026-09-21T15:53:38Z,https://github.com/NVIDIA/Megatron-LM/commit/bde6af2eb29325649dd71d41e584acb9782706f1,Observe,,title_triage,保留候选；未凭标题接受
NVIDIA/Megatron-LM,64d156734918e73238de5cad6d97dcfaa6ec1005,wire mimo non-colcoated cp>1 in the training loop (#7435),Li Ding,2026-09-21T03:26:36Z,https://github.com/NVIDIA/Megatron-LM/commit/64d156734918e73238de5cad6d97dcfaa6ec1005,Observe,,title_triage,保留候选；未凭标题接受
NVIDIA/Megatron-LM,5f4c9ac90602f54717e535f8194753041691ff16,Match vLLM's tool-call parsing in the Qwen3-Coder parser (#7320),Siddharth Singh,2026-09-20T20:51:43Z,https://github.com/NVIDIA/Megatron-LM/commit/5f4c9ac90602f54717e535f8194753041691ff16,Observe,,title_triage,保留候选；未凭标题接受
NVIDIA/Megatron-LM,d2a4bb4cc41fed80a0fa2f25d5b3cc779019609a,chore(docker): AUT-2322 bump DeepEP hybrid-ep pin to 10d4dd73 (#7358),svcnemo-autobot,2026-09-20T20:04:33Z,https://github.com/NVIDIA/Megatron-LM/commit/d2a4bb4cc41fed80a0fa2f25d5b3cc779019609a,Observe,,title_triage,保留候选；未凭标题接受
NVIDIA/Megatron-LM,fb6a123a09f524a2abfca81a78b6478358ca77e0,Update copy-pr-bot.yaml [skip ci],GitHub Actions,2026-09-20T09:04:35Z,https://github.com/NVIDIA/Megatron-LM/commit/fb6a123a09f524a2abfca81a78b6478358ca77e0,Ignore,,title_triage,CI/docs/test/chore 标题初筛；不宣称无运行时影响
areal-project/AReaL,a00e8c22c8b03ace6467d8304dbe707e39c36308,fix(reward): complete PRM fallback and tool-result status handling (#1747),zhangjw,2026-09-22T07:35:50Z,https://github.com/areal-project/AReaL/commit/a00e8c22c8b03ace6467d8304dbe707e39c36308,Observe,,title_triage,保留候选；未凭标题接受
areal-project/AReaL,379abffe31396613533b8e015d7b3e83ef347af6,fix(examples): reject generic GameAgent response failures (#1748),zhangjw,2026-09-22T07:21:39Z,https://github.com/areal-project/AReaL/commit/379abffe31396613533b8e015d7b3e83ef347af6,Observe,,title_triage,保留候选；未凭标题接受
areal-project/AReaL,c74b343c53c785eb620943fcabbd6b8263e28051,feat(engine): support VLM context parallelism (#1672),sitabulaixizawaluduo,2026-09-21T12:57:41Z,https://github.com/areal-project/AReaL/commit/c74b343c53c785eb620943fcabbd6b8263e28051,Read,G3,selected_diff,新接纳机制，详见信号
areal-project/AReaL,caa613c906ba93fa5bc5201150de3d33ebd9c7d3,fix: preserve tool call IDs and message grouping in agent history (#1734),Bo Yang,2026-09-21T10:48:19Z,https://github.com/areal-project/AReaL/commit/caa613c906ba93fa5bc5201150de3d33ebd9c7d3,Observe,,title_triage,保留候选；未凭标题接受
areal-project/AReaL,28c935128dc97321d18f5b632e3252bb234a41d0,feat(inference): support PRM scorers in v2 trajectory export (#1735),Bo Yang,2026-09-21T10:47:38Z,https://github.com/areal-project/AReaL/commit/28c935128dc97321d18f5b632e3252bb234a41d0,Observe,,title_triage,保留候选；未凭标题接受
areal-project/AReaL,aba2f207c742143afd41e058404ec37d6ecced83,feat(engine): support native MTP-only and packed Qwen SFT (#1719),dingzhiqiang,2026-09-21T09:47:19Z,https://github.com/areal-project/AReaL/commit/aba2f207c742143afd41e058404ec37d6ecced83,Read,G4,selected_diff,新接纳机制，详见信号
areal-project/AReaL,b4b1439a1abe1cfbfbfeae1accae92893c5bfda5,fix(utils): honor custom IPv6 probe addresses (#1740),Bnexv Yan,2026-09-21T02:52:25Z,https://github.com/areal-project/AReaL/commit/b4b1439a1abe1cfbfbfeae1accae92893c5bfda5,Observe,,title_triage,保留候选；未凭标题接受
areal-project/AReaL,44233e5cc9a842303c200611404f4cba4f654a7f,fix(utils): treat missing packages as not matching version checks (#1689),Henry Su,2026-09-21T02:50:12Z,https://github.com/areal-project/AReaL/commit/44233e5cc9a842303c200611404f4cba4f654a7f,Observe,,title_triage,保留候选；未凭标题接受
areal-project/AReaL,574bc6a708176c049cab5102b39e706e992f79c4,fix(engine): avoid AWEX idle-loop collective deadlock (#1737),yulangz,2026-09-21T02:30:24Z,https://github.com/areal-project/AReaL/commit/574bc6a708176c049cab5102b39e706e992f79c4,Observe,9/22 A5,selected_diff,已接纳，去重
areal-project/AReaL,5409c9212c6f360b4d4f4f3e0e88fe0754414176,fix(trainer): offload AWEX rollout before auxiliary scoring (#1738),zhangjw,2026-09-21T02:30:15Z,https://github.com/areal-project/AReaL/commit/5409c9212c6f360b4d4f4f3e0e88fe0754414176,Observe,,title_triage,保留候选；未凭标题接受
areal-project/AReaL,11a1907e0ce4ad672ea9427beba8f830f613e6b7,feat(trainer): add MiMo-inspired RL training metrics (#1736),dingzhiqiang,2026-09-20T07:44:11Z,https://github.com/areal-project/AReaL/commit/11a1907e0ce4ad672ea9427beba8f830f613e6b7,Observe,,title_triage,保留候选；未凭标题接受
areal-project/AReaL,3aad281e011d0254d598cff9c3d16be7c7a44312,fix(reward): validate scorer configuration before PRM execution (#1727),zhangjw,2026-09-20T02:33:13Z,https://github.com/areal-project/AReaL/commit/3aad281e011d0254d598cff9c3d16be7c7a44312,Observe,,title_triage,保留候选；未凭标题接受
areal-project/AReaL,ac5614a92327f377c52796f7f0ee7e66f7e94569,fix(proxy): preserve configured chat template defaults (#1725),zhangjw,2026-09-20T02:32:56Z,https://github.com/areal-project/AReaL/commit/ac5614a92327f377c52796f7f0ee7e66f7e94569,Observe,,title_triage,保留候选；未凭标题接受
huggingface/accelerate,e203e1ddf33388e22f4a7985ff3103717c0f9181,Remove duplicate debug key from SageMaker config fixture (#4302),Titus,2026-09-21T12:23:31Z,https://github.com/huggingface/accelerate/commit/e203e1ddf33388e22f4a7985ff3103717c0f9181,Observe,,title_triage,保留候选；未凭标题接受
huggingface/peft,63dfa6e9e3b29ef983ad8cb10c3206bcde53261e,FIX Bug in 1x1 kernel Conv3d layers in LoRA and HiRA (#3777),区梓灏,2026-09-21T15:39:50Z,https://github.com/huggingface/peft/commit/63dfa6e9e3b29ef983ad8cb10c3206bcde53261e,Observe,,title_triage,保留候选；未凭标题接受
huggingface/peft,b815651a5c4ada209ce370c5a723d3951a620a1e,FIX modules_to_save mutating the caller's config (#3770),Vedant Agarwal,2026-09-21T15:37:11Z,https://github.com/huggingface/peft/commit/b815651a5c4ada209ce370c5a723d3951a620a1e,Observe,,title_triage,保留候选；未凭标题接受
huggingface/peft,28514ad6ce1d56f7df5b088bf54505908773e3f4,ENH Avoid duplicated shared tensors in RandLoRA checkpoints (#3714),CoralGarden52,2026-09-21T15:35:28Z,https://github.com/huggingface/peft/commit/28514ad6ce1d56f7df5b088bf54505908773e3f4,Observe,,title_triage,保留候选；未凭标题接受
huggingface/peft,43bcf7ad7e9e031dc7178ffb2dc5dbe515119be9,Method comparison: Add VeLoRA experiment to image-gen (#3764),Sergio Graciá,2026-09-21T15:32:47Z,https://github.com/huggingface/peft/commit/43bcf7ad7e9e031dc7178ffb2dc5dbe515119be9,Observe,,title_triage,保留候选；未凭标题接受
huggingface/peft,c578df0c9aab8de25567f5218703b337c1fb12cb,CI Skip workflows that need repo secrets running on forks (#3732),Ayush Kumar Jha,2026-09-21T15:32:15Z,https://github.com/huggingface/peft/commit/c578df0c9aab8de25567f5218703b337c1fb12cb,Ignore,,title_triage,CI/docs/test/chore 标题初筛；不宣称无运行时影响
huggingface/peft,7cc3eb3941b8d51354d24a4a2297e64c29c8a32e,FIX KappaTune dequantization bug with bnb 8-bit (#3759),Amogh Bhat Nagri,2026-09-21T15:30:28Z,https://github.com/huggingface/peft/commit/7cc3eb3941b8d51354d24a4a2297e64c29c8a32e,Observe,,title_triage,保留候选；未凭标题接受
huggingface/tokenizers,fb11e5128f670c4e6e805ed8cf452a467e6def40,fix(release): max number of keywords is 5 (#2444),Simon Brandeis,2026-09-21T10:55:23Z,https://github.com/huggingface/tokenizers/commit/fb11e5128f670c4e6e805ed8cf452a467e6def40,Observe,,title_triage,保留候选；未凭标题接受
huggingface/tokenizers,8bad46a1440745d305dc557910a64c517a3414e7,fix (#2443),Arthur,2026-09-21T10:11:49Z,https://github.com/huggingface/tokenizers/commit/8bad46a1440745d305dc557910a64c517a3414e7,Observe,,title_triage,保留候选；未凭标题接受
huggingface/tokenizers,a9f3f962a3e0ff2d44b8dffa2280bea14c3656dc,fix: crates.io release env name (#2441),Simon Brandeis,2026-09-21T09:56:05Z,https://github.com/huggingface/tokenizers/commit/a9f3f962a3e0ff2d44b8dffa2280bea14c3656dc,Observe,,title_triage,保留候选；未凭标题接受
huggingface/tokenizers,a1c2cad1b033e20fc9ca64e430e95d670e6266ff,enrich v1 feature list (#2438),Simon Brandeis,2026-09-21T09:43:13Z,https://github.com/huggingface/tokenizers/commit/a1c2cad1b033e20fc9ca64e430e95d670e6266ff,Observe,,title_triage,保留候选；未凭标题接受
huggingface/tokenizers,0917be89c7151bc141ab124c02537fc4aa5170a5,Publish to npm via Trusted Publishing (#2439),Arthur,2026-09-21T09:40:50Z,https://github.com/huggingface/tokenizers/commit/0917be89c7151bc141ab124c02537fc4aa5170a5,Observe,,title_triage,保留候选；未凭标题接受
huggingface/tokenizers,ea787c07bd6475561ce7fe7f63b4922aab760f2f,"Drop fmt/clippy from bitcannon CI, rust.yml already runs them (#2440)",Arthur,2026-09-21T09:38:13Z,https://github.com/huggingface/tokenizers/commit/ea787c07bd6475561ce7fe7f63b4922aab760f2f,Observe,,title_triage,保留候选；未凭标题接受
huggingface/tokenizers,1769c3f87daa5010927a5d30ef64a11ac91f166d,manual (#2436),Arthur,2026-09-21T08:58:22Z,https://github.com/huggingface/tokenizers/commit/1769c3f87daa5010927a5d30ef64a11ac91f166d,Observe,,title_triage,保留候选；未凭标题接受
huggingface/tokenizers,620524052c3b0cc3161f2809fa882b7b9d2e69a3,more cleanup (#2435),Arthur,2026-09-21T05:35:00Z,https://github.com/huggingface/tokenizers/commit/620524052c3b0cc3161f2809fa882b7b9d2e69a3,Observe,,title_triage,保留候选；未凭标题接受
huggingface/tokenizers,50200a37dc4e0d047c9974d57103f951d9185d97,Delete for_the_blogpost.md,Arthur,2026-09-21T05:11:29Z,https://github.com/huggingface/tokenizers/commit/50200a37dc4e0d047c9974d57103f951d9185d97,Observe,,title_triage,保留候选；未凭标题接受
huggingface/tokenizers,f18a8d42caadd469ae1485eb203144c2b2883d89,Rename bitcanon -> bitcannon (#2434),Arthur,2026-09-21T04:58:56Z,https://github.com/huggingface/tokenizers/commit/f18a8d42caadd469ae1485eb203144c2b2883d89,Observe,,title_triage,保留候选；未凭标题接受
huggingface/tokenizers,47e3f23dec33b8cc7a8a6b08304d385c084c1c94,ci(rust-release): publish to crates.io via Trusted Publishing (#2433),Arthur,2026-09-21T04:36:43Z,https://github.com/huggingface/tokenizers/commit/47e3f23dec33b8cc7a8a6b08304d385c084c1c94,Observe,,title_triage,保留候选；未凭标题接受
huggingface/tokenizers,3fe1b852de47da90ba9ca7afd8780e7e969189fe,delete old legacy stuff (#2432),Arthur,2026-09-21T02:47:43Z,https://github.com/huggingface/tokenizers/commit/3fe1b852de47da90ba9ca7afd8780e7e969189fe,Observe,,title_triage,保留候选；未凭标题接受
huggingface/tokenizers,653895a514bab81e75cd1845d7b162cb0414e981,chore(ci): new release workflow (#2425),Simon Brandeis,2026-09-21T01:11:51Z,https://github.com/huggingface/tokenizers/commit/653895a514bab81e75cd1845d7b162cb0414e981,Observe,,title_triage,保留候选；未凭标题接受
huggingface/tokenizers,16c3f6fba4d6439aeb645a8eaf09794597fa3ff5,chore(deps): bump the actions group with 4 updates (#2431),Arthur,2026-09-21T00:01:32Z,https://github.com/huggingface/tokenizers/commit/16c3f6fba4d6439aeb645a8eaf09794597fa3ff5,Observe,,title_triage,保留候选；未凭标题接受
huggingface/tokenizers,1ac2e16208d0a39cd54fffde14d26bd40ada1871,chore(deps): bump the actions group with 4 updates,dependabot[bot],2026-09-20T14:16:00Z,https://github.com/huggingface/tokenizers/commit/1ac2e16208d0a39cd54fffde14d26bd40ada1871,Observe,,title_triage,保留候选；未凭标题接受
huggingface/transformers,8445b13cd24961e47f25a649fb113580f71a8d11,🚨 Speed up detr image processing (#48066),guarin,2026-09-22T07:27:34Z,https://github.com/huggingface/transformers/commit/8445b13cd24961e47f25a649fb113580f71a8d11,Observe,,title_triage,保留候选；未凭标题接受
huggingface/transformers,f4410762062c274fb53471e551e62b377df44cc1,QA: applied ruff rule PLW1514 (#48990),Tarek Ziade,2026-09-22T06:49:19Z,https://github.com/huggingface/transformers/commit/f4410762062c274fb53471e551e62b377df44cc1,Observe,,title_triage,保留候选；未凭标题接受
huggingface/transformers,87d34bfa80aa884bca90c4da79cca18feed90ff6,[generate] Always correctly restrict assisted decoding with max length/eos token  (#48981),Cyril Vallez,2026-09-22T04:17:53Z,https://github.com/huggingface/transformers/commit/87d34bfa80aa884bca90c4da79cca18feed90ff6,Observe,,title_triage,保留候选；未凭标题接受
huggingface/transformers,e2d83fdf9c25a0f6021e90a241263a4a59faa15f,🚨 Remap indexers layer_type (#48974),Cyril Vallez,2026-09-22T04:03:12Z,https://github.com/huggingface/transformers/commit/e2d83fdf9c25a0f6021e90a241263a4a59faa15f,Observe,,title_triage,保留候选；未凭标题接受
huggingface/transformers,a2fc7527b62f360cdbd82d916988543e87f28821,[generate] Simplify candidate generators by removing required `update_candidate_strategy` (#48982),Cyril Vallez,2026-09-22T03:42:53Z,https://github.com/huggingface/transformers/commit/a2fc7527b62f360cdbd82d916988543e87f28821,Observe,,title_triage,保留候选；未凭标题接受
huggingface/transformers,66880ecc9688d67440c42d77d7b64474faf21e18,Let `prefix_allowed_tokens_fn` override model `-inf` and raise an exception on unsatisfiable generation constraints. (#48927),Seokhoon Kang,2026-09-21T17:55:00Z,https://github.com/huggingface/transformers/commit/66880ecc9688d67440c42d77d7b64474faf21e18,Observe,,title_triage,保留候选；未凭标题接受
huggingface/transformers,5bb12bb4e730b2378b018a8dea1c04a25ff5f983,Fix Qwen3OmniMoeIntegrationTest OOM (#48987),Yih-Dar,2026-09-21T17:59:37Z,https://github.com/huggingface/transformers/commit/5bb12bb4e730b2378b018a8dea1c04a25ff5f983,Observe,,title_triage,保留候选；未凭标题接受
huggingface/transformers,13d21d5b636a547c1dfae1905796251dcc6c88de,"Fix SwitchTransformers Top1 router: raw logits, expert capacity accounting, and router losses (#48421)",ゆり,2026-09-21T17:11:01Z,https://github.com/huggingface/transformers/commit/13d21d5b636a547c1dfae1905796251dcc6c88de,Observe,,title_triage,保留候选；未凭标题接受
huggingface/transformers,d94b0f7f25075fe36eb6af95e42bab440b1e7567,[CB] [Major] Upgrade the cache to support different attention types (#47809),Rémi Ouazan,2026-09-21T17:08:11Z,https://github.com/huggingface/transformers/commit/d94b0f7f25075fe36eb6af95e42bab440b1e7567,Observe,,title_triage,保留候选；未凭标题接受
huggingface/transformers,a10365f95226614b2e9b9501e24bba36088c6b4f,Fix vibevoice TTS batched audio index (#48902),Eric Bezzam,2026-09-21T16:40:06Z,https://github.com/huggingface/transformers/commit/a10365f95226614b2e9b9501e24bba36088c6b4f,Observe,,title_triage,保留候选；未凭标题接受
huggingface/transformers,21912efc9da1130ab6e5f97bf3ce0e5b7c118f86,Reduce peak memory in examples_torch CI job (OOM fix) (#48983),Yih-Dar,2026-09-21T15:37:26Z,https://github.com/huggingface/transformers/commit/21912efc9da1130ab6e5f97bf3ce0e5b7c118f86,Ignore,,title_triage,CI/docs/test/chore 标题初筛；不宣称无运行时影响
huggingface/transformers,ae05b6b9ec6373fcda7b89ac3a93eb82324ee71f,Fix typos in DeepseekV4 comments (#48953),Jani arafath,2026-09-21T15:13:41Z,https://github.com/huggingface/transformers/commit/ae05b6b9ec6373fcda7b89ac3a93eb82324ee71f,Observe,,title_triage,保留候选；未凭标题接受
huggingface/transformers,a52f659318fe32cb6b6fc5ae3aec883d5c926eb4,Contract the mamba2 chunk scan with einsum instead of broadcast-then-sum (#48978),Tarek Ziade,2026-09-21T15:11:02Z,https://github.com/huggingface/transformers/commit/a52f659318fe32cb6b6fc5ae3aec883d5c926eb4,Observe,,title_triage,保留候选；未凭标题接受
huggingface/transformers,d53e587669ec639a422ca33f3711b48f24cdf135,Fix image processor class-level size mutation and min_pixels handling (#48916),Shadow6766,2026-09-21T13:37:15Z,https://github.com/huggingface/transformers/commit/d53e587669ec639a422ca33f3711b48f24cdf135,Observe,,title_triage,保留候选；未凭标题接受
huggingface/transformers,e86881ed027d4070c68234706f457ee9f630839e,Add pose estimation keypoint preprocessing to Sapiens2ImageProcessor (#47199),Sainava,2026-09-21T13:32:04Z,https://github.com/huggingface/transformers/commit/e86881ed027d4070c68234706f457ee9f630839e,Observe,,title_triage,保留候选；未凭标题接受
huggingface/transformers,abd76d121e6230e4a1386332863dba4c27d416e0,Better attn default for gguf (#48935),Marc Sun,2026-09-21T12:19:47Z,https://github.com/huggingface/transformers/commit/abd76d121e6230e4a1386332863dba4c27d416e0,Observe,,title_triage,保留候选；未凭标题接受
huggingface/transformers,207fca7b5b9c5f0444dac9abc968be5d429a650d,Skip an unnecessary image copy in the torchvision image normalization path (#48897),Jakub Zakrzewski,2026-09-21T11:32:19Z,https://github.com/huggingface/transformers/commit/207fca7b5b9c5f0444dac9abc968be5d429a650d,Observe,,title_triage,保留候选；未凭标题接受
huggingface/transformers,c210bb39664fbd432d9753bd43393bd53c62f7fe,Fix more stuff (#48979),Raushan Turganbay,2026-09-21T10:09:56Z,https://github.com/huggingface/transformers/commit/c210bb39664fbd432d9753bd43393bd53c62f7fe,Observe,,title_triage,保留候选；未凭标题接受
huggingface/transformers,e138c4d5707b99d78a8cec61053c295b49e42fb7,Fix infeasible cost matrix errors in hugarian matcher losses (#47730),guarin,2026-09-21T09:30:47Z,https://github.com/huggingface/transformers/commit/e138c4d5707b99d78a8cec61053c295b49e42fb7,Observe,,title_triage,保留候选；未凭标题接受
huggingface/transformers,a7d9d9493fcd62a65f0f73f4f0639cee1b90e721,Keep image processor backends in sync on keys and dtypes (#48739),David,2026-09-21T09:22:45Z,https://github.com/huggingface/transformers/commit/a7d9d9493fcd62a65f0f73f4f0639cee1b90e721,Observe,,title_triage,保留候选；未凭标题接受
huggingface/transformers,d67c72935fc5eae6539a6c2fde8326dc9332b5fa,Resolve the Hub revision once per load instead of passing a private _commit_hash around (#47611),Lucain,2026-09-21T02:57:49Z,https://github.com/huggingface/transformers/commit/d67c72935fc5eae6539a6c2fde8326dc9332b5fa,Observe,,title_triage,保留候选；未凭标题接受
huggingface/trl,5bb945c38f319259eddaad7bb3838e4aaf590c49,Raise the pytest-rerunfailures floor to 16.7 so the rerun filter matches wrapped exceptions (#7325),Albert Villanova del Moral,2026-09-22T04:44:34Z,https://github.com/huggingface/trl/commit/5bb945c38f319259eddaad7bb3838e4aaf590c49,Observe,,title_triage,保留候选；未凭标题接受
huggingface/trl,ccdaa0065cee4174d2b4eb60f1856c51e51232ed,Match the out-of-memory message instead of the exception type in the rerun filter (#7292),Albert Villanova del Moral,2026-09-21T13:17:16Z,https://github.com/huggingface/trl/commit/ccdaa0065cee4174d2b4eb60f1856c51e51232ed,Observe,,title_triage,保留候选；未凭标题接受
huggingface/trl,c4e1709c09c4cda35d3649bdfd754fb5bf2a5b75,Run the tests when test data or shipped package data changes (#7283),Albert Villanova del Moral,2026-09-21T12:54:14Z,https://github.com/huggingface/trl/commit/c4e1709c09c4cda35d3649bdfd754fb5bf2a5b75,Ignore,,title_triage,CI/docs/test/chore 标题初筛；不宣称无运行时影响
huggingface/trl,88007089b8e1e1ac7d047930ae78200cdec253dc,Use non identity adapters in the use_adapter tests (#7275),Albert Villanova del Moral,2026-09-21T12:22:27Z,https://github.com/huggingface/trl/commit/88007089b8e1e1ac7d047930ae78200cdec253dc,Observe,,title_triage,保留候选；未凭标题接受
huggingface/trl,2302f9cbce478d1aae2699273a84eb0d87893c8b,Stop depending on the tiny Bloom model in the chat template tests (#7262),Albert Villanova del Moral,2026-09-21T08:47:34Z,https://github.com/huggingface/trl/commit/2302f9cbce478d1aae2699273a84eb0d87893c8b,Observe,,title_triage,保留候选；未凭标题接受
huggingface/trl,9125ad518a28aae15d3328be3d14ed4a2433e656,fix(ci): harden GitHub Actions workflows (#7299) (#7300),hf-security-analysis[bot],2026-09-21T08:07:39Z,https://github.com/huggingface/trl/commit/9125ad518a28aae15d3328be3d14ed4a2433e656,Observe,,title_triage,保留候选；未凭标题接受
huggingface/trl,decb91ff24968b9e69c62fa05ecdba01d2e9447c,"Bump the ""github-actions-and-pre-commit"" group with 2 updates across multiple ecosystems (#7299)",dependabot[bot],2026-09-21T08:07:10Z,https://github.com/huggingface/trl/commit/decb91ff24968b9e69c62fa05ecdba01d2e9447c,Observe,,title_triage,保留候选；未凭标题接受
huggingface/trl,97249f817609286016061ed55109244e018bb48d,Restore ACCELERATE_MIXED_PRECISION between tests (#7321),Albert Villanova del Moral,2026-09-21T07:26:28Z,https://github.com/huggingface/trl/commit/97249f817609286016061ed55109244e018bb48d,Observe,,title_triage,保留候选；未凭标题接受
sgl-project/sglang,790551c38230d025bc8bdff5f26278a2380aed7a,[AMD] Skip full-vocab softmax in EAGLE topk==1 draft on ROCm (#35872),jacky.cheng,2026-09-22T08:57:37Z,https://github.com/sgl-project/sglang/commit/790551c38230d025bc8bdff5f26278a2380aed7a,Observe,,title_triage,保留候选；未凭标题接受
sgl-project/sglang,c2f14bfbc4e82ade955c4dacfaefd8e0a19abddf,[AMD] Use exact CU share for gfx950 segment-plan headroom (#39503),chuyeh,2026-09-22T08:49:59Z,https://github.com/sgl-project/sglang/commit/c2f14bfbc4e82ade955c4dacfaefd8e0a19abddf,Observe,,title_triage,保留候选；未凭标题接受
sgl-project/sglang,367e3700cfb6a0b03b2fa41a4524febf18ec1f15,avoid host sync in DSpark prefill slot expansion (#40111),inkcherry,2026-09-22T08:20:49Z,https://github.com/sgl-project/sglang/commit/367e3700cfb6a0b03b2fa41a4524febf18ec1f15,Observe,,title_triage,保留候选；未凭标题接受
sgl-project/sglang,d00adfd19cb6ea56de2f2fe814924f0c9a1664f8,[AMD] Fix deferred Kimi-K3 forget gate in fused in-projection (#39525),tom.jen,2026-09-22T08:07:25Z,https://github.com/sgl-project/sglang/commit/d00adfd19cb6ea56de2f2fe814924f0c9a1664f8,Observe,,title_triage,保留候选；未凭标题接受
sgl-project/sglang,6412ad8c6481db616cac8b7095fe336bcd708562,[AMD] Pack Qwen3.5 GDN input projections on ROCm (#39902),zijie,2026-09-22T07:52:40Z,https://github.com/sgl-project/sglang/commit/6412ad8c6481db616cac8b7095fe336bcd708562,Observe,,title_triage,保留候选；未凭标题接受
sgl-project/sglang,771c9d782d9ecf0324e70b7f5a08c32644d652c5,[PD] Validate Mooncake EFA allocator compatibility (#39973),Po-Han Huang (NVIDIA),2026-09-22T07:12:29Z,https://github.com/sgl-project/sglang/commit/771c9d782d9ecf0324e70b7f5a08c32644d652c5,Observe,,title_triage,保留候选；未凭标题接受
sgl-project/sglang,1815e490de39707d4e5f37af9f1203bc761ca87f,[observability] Fix negative queue_time for retracted requests (#39312),Suraj,2026-09-22T07:08:01Z,https://github.com/sgl-project/sglang/commit/1815e490de39707d4e5f37af9f1203bc761ca87f,Observe,,title_triage,保留候选；未凭标题接受
sgl-project/sglang,c948114d58dcd192ec32c81cd88ae12bbc5179dc,[DOC] Update quickstart guide to use `sglang serve` for launching the server (#40647),jshn9515,2026-09-22T07:00:35Z,https://github.com/sgl-project/sglang/commit/c948114d58dcd192ec32c81cd88ae12bbc5179dc,Ignore,,title_triage,CI/docs/test/chore 标题初筛；不宣称无运行时影响
sgl-project/sglang,8ac19cc19f8ade51ed203478f17c9a09c706d730,[AMD][Kimi-K3] Fix deferred KDA gate projection and update DCP cookbook (#39066),Kevin Mi,2026-09-22T06:35:12Z,https://github.com/sgl-project/sglang/commit/8ac19cc19f8ade51ed203478f17c9a09c706d730,Observe,,title_triage,保留候选；未凭标题接受
sgl-project/sglang,4c81cd1b0904f8f7778e87c0974b464aab21b74c,[KDA] Fix missing beta sigmoid in PTX prefill (#40685),Mohammad Miadh Angkad,2026-09-22T06:24:38Z,https://github.com/sgl-project/sglang/commit/4c81cd1b0904f8f7778e87c0974b464aab21b74c,Observe,,title_triage,保留候选；未凭标题接受
sgl-project/sglang,bc22e1de9e3734d264933eb3b14301768ac7eb92,[DSpark] Fix draft CUDA graph stream explosion (#40658),Khoa Pham,2026-09-22T06:05:45Z,https://github.com/sgl-project/sglang/commit/bc22e1de9e3734d264933eb3b14301768ac7eb92,Read,G8,selected_diff,新接纳机制，详见信号
sgl-project/sglang,a0781f271462121a57f27284fc55c7fe46ba7124,[Docs] GLM-5.3/5.3-Flash cookbooks: enable reasoning/tool-call parsers by default via auto (#40497),Brayden Zhong,2026-09-22T05:54:08Z,https://github.com/sgl-project/sglang/commit/a0781f271462121a57f27284fc55c7fe46ba7124,Ignore,,title_triage,CI/docs/test/chore 标题初筛；不宣称无运行时影响
sgl-project/sglang,04c0913434c42e219838c2cce7a9781c1a455b7c,[HiSparse] Add MHA hisparse support for MiniMax M3 (#31446),Guangda Liu,2026-09-22T05:28:03Z,https://github.com/sgl-project/sglang/commit/04c0913434c42e219838c2cce7a9781c1a455b7c,Observe,,title_triage,保留候选；未凭标题接受
sgl-project/sglang,095e45100b3b78e00464108becad1d58c45037c3,[AMD] [GLM-5.3-Flash Day 0] Route mHC through AITER on gfx950 (#38545),Raiden Makoto,2026-09-22T05:24:29Z,https://github.com/sgl-project/sglang/commit/095e45100b3b78e00464108becad1d58c45037c3,Observe,,title_triage,保留候选；未凭标题接受
sgl-project/sglang,264da633191d69cd2087a08154c6155caa2bb3be,[AMD] Update ROCm AITER pin to acf8fdf9 (#39965),kangwangamd,2026-09-22T05:01:17Z,https://github.com/sgl-project/sglang/commit/264da633191d69cd2087a08154c6155caa2bb3be,Observe,,title_triage,保留候选；未凭标题接受
sgl-project/sglang,b01961e295db7ece61956ef13672feb77774c18e,[LFM2-VL] Add DSpark speculative decoding (#40651),Piotr Mazurek,2026-09-22T04:49:51Z,https://github.com/sgl-project/sglang/commit/b01961e295db7ece61956ef13672feb77774c18e,Observe,,title_triage,保留候选；未凭标题接受
sgl-project/sglang,9b59fc5db514e3748a0f6bb4ac90128602d09c87,[ModelOpt][PP] Keep BF16 shared experts out of the NVFP4 fusion so TP1 pipeline stages can load (#40628),YAMY,2026-09-22T04:45:58Z,https://github.com/sgl-project/sglang/commit/9b59fc5db514e3748a0f6bb4ac90128602d09c87,Observe,,title_triage,保留候选；未凭标题接受
sgl-project/sglang,2032f3a0716f641bf1e88019adf8dc223052cee3,[Router] Abort the engine when a client disconnects mid-request (#39461),Kangyan-Zhou,2026-09-22T04:35:56Z,https://github.com/sgl-project/sglang/commit/2032f3a0716f641bf1e88019adf8dc223052cee3,Observe,,title_triage,保留候选；未凭标题接受
sgl-project/sglang,a9f02b0fa48be1642ad27960d6ee244ed2e8c056,[NPU] Fix xgrammar apply_vocab_mask device dispatch to use torch.ops.npu (#36120),Javen,2026-09-22T04:34:15Z,https://github.com/sgl-project/sglang/commit/a9f02b0fa48be1642ad27960d6ee244ed2e8c056,Observe,,title_triage,保留候选；未凭标题接受
sgl-project/sglang,877a293d6d2d9d7266467f7253aea8ec7b970203,[Benchmark] Optionally clear HiCache storage between cases (#40659),metamergebot,2026-09-22T04:31:21Z,https://github.com/sgl-project/sglang/commit/877a293d6d2d9d7266467f7253aea8ec7b970203,Observe,,title_triage,保留候选；未凭标题接受
sgl-project/sglang,e1daf68304ea823956ce97603e3f9b43565c0ba9,[AMD] [GLM-5.3-Flash Day 0] Honor fused and per-expert names in quark `exclude` (#39317),Raiden Makoto,2026-09-22T04:26:42Z,https://github.com/sgl-project/sglang/commit/e1daf68304ea823956ce97603e3f9b43565c0ba9,Observe,,title_triage,保留候选；未凭标题接受
sgl-project/sglang,018b73c7a06261bd70a77ddfc402c736bcb2333d,[PD] Pack draft KV head slices for DCP transfers (#40500),Khoa Pham,2026-09-22T04:11:27Z,https://github.com/sgl-project/sglang/commit/018b73c7a06261bd70a77ddfc402c736bcb2333d,Observe,,title_triage,保留候选；未凭标题接受
sgl-project/sglang,b44e2486824e2fbde9cbcb09adad10bce5593c16,[AMD] [GLM-5.3-Flash Day 0] Enable FP8 and Quark MXFP4 MoE on gfx950 (#38546),Raiden Makoto,2026-09-22T04:07:37Z,https://github.com/sgl-project/sglang/commit/b44e2486824e2fbde9cbcb09adad10bce5593c16,Observe,,title_triage,保留候选；未凭标题接受
sgl-project/sglang,15ba54bd5d31469908ed32d92cf9473e95bde5e6,perf(engine): avoid timed waits for Engine responses (#39486),jthomson04,2026-09-22T03:42:03Z,https://github.com/sgl-project/sglang/commit/15ba54bd5d31469908ed32d92cf9473e95bde5e6,Observe,,title_triage,保留候选；未凭标题接受
sgl-project/sglang,56fee88e236b7666b87adeceecfb14230a482f61,fix(moe): support Llama4 NVFP4 router input weights on SM120 (#35504),Jan Bernlöhr,2026-09-22T03:18:11Z,https://github.com/sgl-project/sglang/commit/56fee88e236b7666b87adeceecfb14230a482f61,Observe,,title_triage,保留候选；未凭标题接受
sgl-project/sglang,59a723ef1e0032130a3eb48f43b6a6bf56b40251,[sgl-router] refactor - SLO ordering for bucket selection (#40292),Kan Wu,2026-09-22T03:16:10Z,https://github.com/sgl-project/sglang/commit/59a723ef1e0032130a3eb48f43b6a6bf56b40251,Observe,,title_triage,保留候选；未凭标题接受
sgl-project/sglang,27f796ca6c40e9a0b944dd7f9cdc241937dcd6a0,"[sgl-router] Fix readiness, IPv6 discovery, logging, and model validation (#40604)",Kan Wu,2026-09-22T03:13:06Z,https://github.com/sgl-project/sglang/commit/27f796ca6c40e9a0b944dd7f9cdc241937dcd6a0,Observe,,title_triage,保留候选；未凭标题接受
sgl-project/sglang,1d025491f3448f52d6e1df47958e681151ce3167,[Test] Set DP size in the mocked Metal profiler test (#40667),Cheng Wan,2026-09-22T02:57:52Z,https://github.com/sgl-project/sglang/commit/1d025491f3448f52d6e1df47958e681151ce3167,Ignore,,title_triage,CI/docs/test/chore 标题初筛；不宣称无运行时影响
sgl-project/sglang,90cf471723e01c9ec64505401ab454d34bac92de,[AMD] [GLM-5.3-Flash Day 0] Support non-2048 top-k widths in the DSA page-table transform (#39340),Jacob0226,2026-09-22T02:50:17Z,https://github.com/sgl-project/sglang/commit/90cf471723e01c9ec64505401ab454d34bac92de,Observe,,title_triage,保留候选；未凭标题接受
sgl-project/sglang,5f9c6b9eb070acd30e7b59069964086d34867ad6,[diffusion] fix: separate a use-scoped layerwise release from release_all (#40590),Mick,2026-09-22T02:38:44Z,https://github.com/sgl-project/sglang/commit/5f9c6b9eb070acd30e7b59069964086d34867ad6,Observe,,title_triage,保留候选；未凭标题接受
sgl-project/sglang,a1b2b976fe23c3f683a8d9057aceee4e03d11bdb,[diffusion] CI: restore public Qwen-Image 2.1 TP2 E2E coverage (#40507),Mick,2026-09-22T02:38:00Z,https://github.com/sgl-project/sglang/commit/a1b2b976fe23c3f683a8d9057aceee4e03d11bdb,Ignore,,title_triage,CI/docs/test/chore 标题初筛；不宣称无运行时影响
sgl-project/sglang,15eba3b4643c126ab83e59af3c808b6811075817,Feat: Add TensorCast storage as a new HiCache backend (#27265),Yuhan Zhou,2026-09-22T02:19:04Z,https://github.com/sgl-project/sglang/commit/15eba3b4643c126ab83e59af3c808b6811075817,Observe,,title_triage,保留候选；未凭标题接受
sgl-project/sglang,bc30fa1759b254b2396be27b026e739607e0764f,[AMD][Fix] AgentX HIP TPOT regression when SGLANG_SIMULATE_ACC_LEN is set (#40598),jacky.cheng,2026-09-22T02:16:15Z,https://github.com/sgl-project/sglang/commit/bc30fa1759b254b2396be27b026e739607e0764f,Observe,,title_triage,保留候选；未凭标题接受
sgl-project/sglang,9eda772a21842191112afcb1292ab0a79975070b,[Test] Handle tied top-k indices in graph-pool logprob regression (#40661),Cheng Wan,2026-09-22T02:02:43Z,https://github.com/sgl-project/sglang/commit/9eda772a21842191112afcb1292ab0a79975070b,Ignore,,title_triage,CI/docs/test/chore 标题初筛；不宣称无运行时影响
sgl-project/sglang,e332e1b84e643d02d6223542941030c03717f62c,[Fix] Don't write conv state from the fused KDA verify kernel (#39524),Mohammad Miadh Angkad,2026-09-22T01:33:03Z,https://github.com/sgl-project/sglang/commit/e332e1b84e643d02d6223542941030c03717f62c,Observe,,title_triage,保留候选；未凭标题接受
sgl-project/sglang,35eb7cf8d62396e9bfd16900c1dc97d76e0cab02,[Intel][XPU][KVCanary] Enable KV Canary on Intel XPU (#33520),Dayananda V,2026-09-22T01:19:01Z,https://github.com/sgl-project/sglang/commit/35eb7cf8d62396e9bfd16900c1dc97d76e0cab02,Observe,,title_triage,保留候选；未凭标题接受
sgl-project/sglang,046cd6f4eafb2cd3a5ffaa9182f7e3e939c63a55,[XPU][ci]: disable XPU NIXL disaggregation test (#40540),Ma Mingfei,2026-09-22T01:02:22Z,https://github.com/sgl-project/sglang/commit/046cd6f4eafb2cd3a5ffaa9182f7e3e939c63a55,Ignore,,title_triage,CI/docs/test/chore 标题初筛；不宣称无运行时影响
sgl-project/sglang,c4d3770a6850171beb660576cd003e8001a3f75b,[Kimi K3] Fix CUDA graph stream explosion (#40640),Khoa Pham,2026-09-22T00:49:50Z,https://github.com/sgl-project/sglang/commit/c4d3770a6850171beb660576cd003e8001a3f75b,Observe,,title_triage,保留候选；未凭标题接受
sgl-project/sglang,31b577bb085b8f048a3c93f2420e8ac3d26786f2,[AMD] Pad QSA MQA decode Q-heads to 16 for ROCm MFMA (#38875),jacky.cheng,2026-09-22T00:43:46Z,https://github.com/sgl-project/sglang/commit/31b577bb085b8f048a3c93f2420e8ac3d26786f2,Observe,,title_triage,保留候选；未凭标题接受
sgl-project/sglang,98c8dee23b96b5c2cc194b0f06f72ed17cbb2a20,Fix lint failure from draft-decode window test location (#40654),Cheng Wan,2026-09-22T00:41:00Z,https://github.com/sgl-project/sglang/commit/98c8dee23b96b5c2cc194b0f06f72ed17cbb2a20,Ignore,,title_triage,CI/docs/test/chore 标题初筛；不宣称无运行时影响
sgl-project/sglang,042b6a488f52485c4b0090b25423d311c1e8a060,[AMD] [GLM-5.3-Flash Day 0] Enable zero-RoPE MHA prefill on ROCm (#39338),Jacob0226,2026-09-22T00:38:07Z,https://github.com/sgl-project/sglang/commit/042b6a488f52485c4b0090b25423d311c1e8a060,Observe,,title_triage,保留候选；未凭标题接受
sgl-project/sglang,582389cec557c613f87a054c6968bdbf52165f20,[Fix] Keep diffusion encoder TP context bindings consistent (#40646),Cheng Wan,2026-09-22T00:23:15Z,https://github.com/sgl-project/sglang/commit/582389cec557c613f87a054c6968bdbf52165f20,Observe,,title_triage,保留候选；未凭标题接受
sgl-project/sglang,c53cc8e1eb92e037cea8072c49dc54fde9ec2780,[NPU][BugFix] Avoid M-RoPE recompilation for variable sequence lengths (#40371),Tao Li,2026-09-22T00:19:25Z,https://github.com/sgl-project/sglang/commit/c53cc8e1eb92e037cea8072c49dc54fde9ec2780,Observe,,title_triage,保留候选；未凭标题接受
sgl-project/sglang,61d0cf2074711db9c54c993a3732355b5377c906,[Spec] Windowed draft-decode attention for built-in EAGLE / MTP drafts (#32673),avalliappan-nvidia,2026-09-22T00:17:57Z,https://github.com/sgl-project/sglang/commit/61d0cf2074711db9c54c993a3732355b5377c906,Observe,,title_triage,保留候选；未凭标题接受
sgl-project/sglang,9fdb71732ae323ff590ecd69043dd3fd4cc6e510,Avoid materializing GDN QKV tensors during target verification (#33778),Vedant V Jhaveri,2026-09-22T00:04:18Z,https://github.com/sgl-project/sglang/commit/9fdb71732ae323ff590ecd69043dd3fd4cc6e510,Observe,,title_triage,保留候选；未凭标题接受
sgl-project/sglang,506698761d9e0ebe3b7095ea5f639c238e99f7dc,[unified-memory] Hierarchical cache for every unified pool shape (#37507),Cheng Wan,2026-09-21T23:50:37Z,https://github.com/sgl-project/sglang/commit/506698761d9e0ebe3b7095ea5f639c238e99f7dc,Observe,,title_triage,保留候选；未凭标题接受
sgl-project/sglang,22587fb15ce90a31c55e684495dfd16a9e5bf8e7,[Fix] Run KV canary hooks for context-parallel prefill (#40642),Cheng Wan,2026-09-21T23:46:22Z,https://github.com/sgl-project/sglang/commit/22587fb15ce90a31c55e684495dfd16a9e5bf8e7,Observe,,title_triage,保留候选；未凭标题接受
sgl-project/sglang,00986c81be687d82e66651fb3ce9a096070b06e6,Support GLM-5.3-Flash hybrid attention CPU offload and PD index mapping (#40310),Yuxuan Zhang,2026-09-21T23:03:03Z,https://github.com/sgl-project/sglang/commit/00986c81be687d82e66651fb3ce9a096070b06e6,Observe,,title_triage,保留候选；未凭标题接受
sgl-project/sglang,0229025127f3928353c7af3bd1583e87bacaa397,[Spec][PP] Launch extend microbatches before the spec output exchange (#40499),YAMY,2026-09-21T22:47:03Z,https://github.com/sgl-project/sglang/commit/0229025127f3928353c7af3bd1583e87bacaa397,Observe,,title_triage,保留候选；未凭标题接受
sgl-project/sglang,0c53fec4768a46a003a7afe27c938469db956368,[ROCm] fix: remove extra bf16 -> fp32 cast in jit grouped topk kernel path (#39775),RuibinCheung,2026-09-21T22:43:21Z,https://github.com/sgl-project/sglang/commit/0c53fec4768a46a003a7afe27c938469db956368,Observe,,title_triage,保留候选；未凭标题接受
sgl-project/sglang,d47b8c454c59121f8676e3d666d0542b628919d2,[sgl-router] Release cancelled circuit-breaker probes (#40603),Kan Wu,2026-09-21T22:39:50Z,https://github.com/sgl-project/sglang/commit/d47b8c454c59121f8676e3d666d0542b628919d2,Observe,,title_triage,保留候选；未凭标题接受
sgl-project/sglang,a5c2cc517c5f0b6db398eb22f99a5dca840e9f20,[CI] Split the CI control labels into four axes and resolve them live (#40527),Liangsheng Yin,2026-09-21T22:37:28Z,https://github.com/sgl-project/sglang/commit/a5c2cc517c5f0b6db398eb22f99a5dca840e9f20,Ignore,,title_triage,CI/docs/test/chore 标题初筛；不宣称无运行时影响
sgl-project/sglang,66f19f5c468f11a75d09a31ccde7b3ac3fd6814d,[AMD] Enable HiCache for GLM-5.2 MI355X throughput recipe (#40570),"Zhang, Jiejing",2026-09-21T22:28:27Z,https://github.com/sgl-project/sglang/commit/66f19f5c468f11a75d09a31ccde7b3ac3fd6814d,Observe,,title_triage,保留候选；未凭标题接受
sgl-project/sglang,8bde82c0ad46e2c59dc0e1e511fdbf6b5bcf4028,[AMD] [GLM-5.3-Flash Day 0] Build the fused DSA k-pool top-k JIT kernel on HIP (#39339),Jacob0226,2026-09-21T22:24:44Z,https://github.com/sgl-project/sglang/commit/8bde82c0ad46e2c59dc0e1e511fdbf6b5bcf4028,Observe,,title_triage,保留候选；未凭标题接受
sgl-project/sglang,2261c2e6188a4a8e11f077eee7bd0edbbdc738a1,Add MiMo-V2.6 cookbook (#40622),Yingchun Lai,2026-09-21T21:58:53Z,https://github.com/sgl-project/sglang/commit/2261c2e6188a4a8e11f077eee7bd0edbbdc738a1,Observe,,title_triage,保留候选；未凭标题接受
sgl-project/sglang,acac4dd9d9ecf415628fd0ab99f101903c86f653,[Refactor] Clean up parallel runtime comments (#40632),Cheng Wan,2026-09-21T21:32:22Z,https://github.com/sgl-project/sglang/commit/acac4dd9d9ecf415628fd0ab99f101903c86f653,Observe,,title_triage,保留候选；未凭标题接受
sgl-project/sglang,f532ad1f9aef2397cc86a00756f0758f8de31956,Fix GLM-5.3 forget-gate shape for nvCUTEDSL verify (#40607),William Hu,2026-09-21T20:52:26Z,https://github.com/sgl-project/sglang/commit/f532ad1f9aef2397cc86a00756f0758f8de31956,Observe,,title_triage,保留候选；未凭标题接受
sgl-project/sglang,e0c2e8dc4d3728bb78e50ffd73362a26efcb7d6a,[AMD] Tune Qwen3.5 TP4 GDN recurrent launch on gfx950 (#39987),jacky.cheng,2026-09-21T20:20:54Z,https://github.com/sgl-project/sglang/commit/e0c2e8dc4d3728bb78e50ffd73362a26efcb7d6a,Observe,,title_triage,保留候选；未凭标题接受
sgl-project/sglang,1ed68220394444d336a50e0401a3dcf3dd3d434a,[Test] Anchor `basic_perf` thresholds to each metric's measured spread (#40617),Liangsheng Yin,2026-09-21T20:02:10Z,https://github.com/sgl-project/sglang/commit/1ed68220394444d336a50e0401a3dcf3dd3d434a,Ignore,,title_triage,CI/docs/test/chore 标题初筛；不宣称无运行时影响
sgl-project/sglang,b18ca9ca443302501b009ecc7b3f065b691f3f13,[CI] Bump sgl-eval to 0.1.2 (#40620),Liangsheng Yin,2026-09-21T20:00:54Z,https://github.com/sgl-project/sglang/commit/b18ca9ca443302501b009ecc7b3f065b691f3f13,Ignore,,title_triage,CI/docs/test/chore 标题初筛；不宣称无运行时影响
sgl-project/sglang,11e661fd450d21dfc75d918b2bbc126cc6a01b50,[Fix] Don't free the multi-CTAs KV counter the decode graphs captured (#39175),Mohammad Miadh Angkad,2026-09-21T19:58:48Z,https://github.com/sgl-project/sglang/commit/11e661fd450d21dfc75d918b2bbc126cc6a01b50,Observe,,title_triage,保留候选；未凭标题接受
sgl-project/sglang,44bdf225d85f34a605f66a1d2c6a4eafa33b2f0e,Fix lint failure from MXFP8 reserved-slot test location (#40618),Cheng Wan,2026-09-21T19:31:11Z,https://github.com/sgl-project/sglang/commit/44bdf225d85f34a605f66a1d2c6a4eafa33b2f0e,Ignore,,title_triage,CI/docs/test/chore 标题初筛；不宣称无运行时影响
sgl-project/sglang,bccf691b221835689450ef601e73fd6ee79c2ac3,"Bringing the parallel runtime up becomes a phase, not a side effect (#40345)",Cheng Wan,2026-09-21T19:29:50Z,https://github.com/sgl-project/sglang/commit/bccf691b221835689450ef601e73fd6ee79c2ac3,Observe,,title_triage,保留候选；未凭标题接受
sgl-project/sglang,1d3243d05f614e55eec759390f91a80026df30c2,Take the parallel getters off the package's public surface (#40344),Cheng Wan,2026-09-21T19:27:50Z,https://github.com/sgl-project/sglang/commit/1d3243d05f614e55eec759390f91a80026df30c2,Observe,,title_triage,保留候选；未凭标题接受
sgl-project/sglang,970e946e4fdaa1271a4044fd36850650d315fecf,Retire the per-runner parallel record (#40343),Cheng Wan,2026-09-21T19:26:40Z,https://github.com/sgl-project/sglang/commit/970e946e4fdaa1271a4044fd36850650d315fecf,Observe,,title_triage,保留候选；未凭标题接受
sgl-project/sglang,73f071db52e87f56f9d44546fc81b7dbc2aaa72e,"Deprecate the parallel getters the context answers, and ratchet them shut (#40342)",Cheng Wan,2026-09-21T19:25:32Z,https://github.com/sgl-project/sglang/commit/73f071db52e87f56f9d44546fc81b7dbc2aaa72e,Observe,,title_triage,保留候选；未凭标题接受
sgl-project/sglang,65be3fa71a4d35c5166cd1b510e5e9203989455c,A runner and the objects it builds freeze the placement they describe (#40341),Cheng Wan,2026-09-21T19:24:17Z,https://github.com/sgl-project/sglang/commit/65be3fa71a4d35c5166cd1b510e5e9203989455c,Observe,,title_triage,保留候选；未凭标题接受
sgl-project/sglang,2d0e94e3a36cbf125d52eaf20bfb26117a6e72ca,"Check the topology identities where the layout is written, and build at the published widths (#40340)",Cheng Wan,2026-09-21T19:22:59Z,https://github.com/sgl-project/sglang/commit/2d0e94e3a36cbf125d52eaf20bfb26117a6e72ca,Observe,,title_triage,保留候选；未凭标题接受
sgl-project/sglang,d5fdab7022bd19b302e207c2d3c67a169bf4d162,chore: add NIXL owners and CI access (#40602),ishandhanani,2026-09-21T19:21:30Z,https://github.com/sgl-project/sglang/commit/d5fdab7022bd19b302e207c2d3c67a169bf4d162,Ignore,,title_triage,CI/docs/test/chore 标题初筛；不宣称无运行时影响
sgl-project/sglang,0db1a93adb098e8651c07d51bb26492b9587ca52,"State the draft's whole topology in its scope, and read the rest from the context (#40339)",Cheng Wan,2026-09-21T19:19:38Z,https://github.com/sgl-project/sglang/commit/0db1a93adb098e8651c07d51bb26492b9587ca52,Observe,,title_triage,保留候选；未凭标题接受
sgl-project/sglang,ae7a516ba723e3504966d2cfb54fba8e7c9aa710,feat: use XGrammar V4.1 DSML parameter constraints (#39026),Yixin Dong,2026-09-21T19:12:28Z,https://github.com/sgl-project/sglang/commit/ae7a516ba723e3504966d2cfb54fba8e7c9aa710,Observe,,title_triage,保留候选；未凭标题接受
sgl-project/sglang,f0940fe3a6d2f2761d04ecc4cdf64349a4a1c022,Update DeepSeek-V4 Pro for B200 FP4 agentic PD disaggregation (#40610),Faradawn Yang,2026-09-21T19:10:03Z,https://github.com/sgl-project/sglang/commit/f0940fe3a6d2f2761d04ecc4cdf64349a4a1c022,Observe,,title_triage,保留候选；未凭标题接受
sgl-project/sglang,90b3f8544ca23452481e6b0267b7b72b6021a7b3,[AMD] Use Triton softmax routing for Qwen3.5 on gfx950 (#39986),jacky.cheng,2026-09-21T19:02:29Z,https://github.com/sgl-project/sglang/commit/90b3f8544ca23452481e6b0267b7b72b6021a7b3,Observe,,title_triage,保留候选；未凭标题接受
sgl-project/sglang,f702a0be29c598f5b02b4f1a8032a963b1b8f621,"Revert ""[Diffusion] migrate the whole _register_configs from registry.py to the model own config file"" (#40611)",ronnie_zheng,2026-09-21T18:05:19Z,https://github.com/sgl-project/sglang/commit/f702a0be29c598f5b02b4f1a8032a963b1b8f621,Observe,,title_triage,保留候选；未凭标题接受
sgl-project/sglang,632919e49865429f10af9a4976c219ff4ea53487,[AMD] Fix DeepSeek-R1-MXFP4 accuracy with AITER FP8 (#37762),Bingxu Chen,2026-09-21T17:51:37Z,https://github.com/sgl-project/sglang/commit/632919e49865429f10af9a4976c219ff4ea53487,Observe,,title_triage,保留候选；未凭标题接受
sgl-project/sglang,e6931ca88991c4b1bd9d633b5e4232e5611e7cc8,[Diffusion] migrate the whole _register_configs from registry.py to the model own config file (#40475),ronnie_zheng,2026-09-21T17:45:53Z,https://github.com/sgl-project/sglang/commit/e6931ca88991c4b1bd9d633b5e4232e5611e7cc8,Observe,,title_triage,保留候选；未凭标题接受
sgl-project/sglang,7a6191c4b95f269d6108bbf2412c420f42655594,Preallocate HiCache MHA staging before post-capture KV sizing (#40256),cctry,2026-09-21T17:44:29Z,https://github.com/sgl-project/sglang/commit/7a6191c4b95f269d6108bbf2412c420f42655594,Observe,,title_triage,保留候选；未凭标题接受
sgl-project/sglang,7ad55e43865c3555bad01360743f0a8d92c09677,[HiCache] TMA-staged host<->device KV transfer kernel (sm_90+) (#40278),cctry,2026-09-21T17:38:23Z,https://github.com/sgl-project/sglang/commit/7ad55e43865c3555bad01360743f0a8d92c09677,Observe,,title_triage,保留候选；未凭标题接受
sgl-project/sglang,0cb37c018c2227c4c41685587b840a3bb06dbc6b,[KDA] Enable ReplaySSM for GLM-5.3 Flash (#40517),William Hu,2026-09-21T17:34:08Z,https://github.com/sgl-project/sglang/commit/0cb37c018c2227c4c41685587b840a3bb06dbc6b,Observe,,title_triage,保留候选；未凭标题接受
sgl-project/sglang,3c71bb018aa5811eea9c0f8c43736834dea8b2b9,[AMD] Enable GLM DSA prefill top-k to the v2 kernel (#37889),Eric.Chin.AMD,2026-09-21T17:31:07Z,https://github.com/sgl-project/sglang/commit/3c71bb018aa5811eea9c0f8c43736834dea8b2b9,Observe,,title_triage,保留候选；未凭标题接受
sgl-project/sglang,5a6a1bb88354b4d0ed13c0424cb6e3bc7539c674,[mxfp8-kv] Skip writes to the reserved CUDA-graph padding slot (#35351),Sam Shleifer,2026-09-21T17:21:25Z,https://github.com/sgl-project/sglang/commit/5a6a1bb88354b4d0ed13c0424cb6e3bc7539c674,Observe,,title_triage,保留候选；未凭标题接受
sgl-project/sglang,008470abd80a3c50c95c16aa41ac97d51586819e,[sgl-router] Bound streaming lifetimes and release guards on idle disconnect (#40391),Kan Wu,2026-09-21T17:07:07Z,https://github.com/sgl-project/sglang/commit/008470abd80a3c50c95c16aa41ac97d51586819e,Observe,,title_triage,保留候选；未凭标题接受
sgl-project/sglang,800613a74bc1febbe0804f3b458468d9bdb32700,[Test] Split the serving perf tests by topic into `basic_perf/` and route their thresholds through a kit (#40505),Liangsheng Yin,2026-09-21T17:05:57Z,https://github.com/sgl-project/sglang/commit/800613a74bc1febbe0804f3b458468d9bdb32700,Ignore,,title_triage,CI/docs/test/chore 标题初筛；不宣称无运行时影响
sgl-project/sglang,14e9c40a72aa247ceb07b93b32b1fe353317bcf2,[Observability] Expose python/rust frontend identity in `/server_info` (#39993),Sage,2026-09-21T15:32:52Z,https://github.com/sgl-project/sglang/commit/14e9c40a72aa247ceb07b93b32b1fe353317bcf2,Observe,,title_triage,保留候选；未凭标题接受
sgl-project/sglang,50ec9702d0dc680d114c311a4df83d96a15062a0,"[diffusion] docs: update ComfyUI sections, trimmed examples, and the RTX 5090 DiT-resident recipe (1.42x) for Qwen-Image-2.1 cookbook (#40573)",Mick,2026-09-21T13:23:11Z,https://github.com/sgl-project/sglang/commit/50ec9702d0dc680d114c311a4df83d96a15062a0,Ignore,,title_triage,CI/docs/test/chore 标题初筛；不宣称无运行时影响
sgl-project/sglang,69d1e5cfe06ed544b88aa38dc7a39f2a66cdd558,[Docs][NPU] Add MiMo-V2.5-Pro FP4 DFlash best practice on Ascend NPU (#40577),iridiumine,2026-09-21T12:32:52Z,https://github.com/sgl-project/sglang/commit/69d1e5cfe06ed544b88aa38dc7a39f2a66cdd558,Ignore,,title_triage,CI/docs/test/chore 标题初筛；不宣称无运行时影响
sgl-project/sglang,b410010087e31b06f675425e0d1c05dc49b6aa8f,[NPU] [DOC] Add kimi k3 cookbook for 950PR/DT Series (#40575),amote-i,2026-09-21T12:18:03Z,https://github.com/sgl-project/sglang/commit/b410010087e31b06f675425e0d1c05dc49b6aa8f,Ignore,,title_triage,CI/docs/test/chore 标题初筛；不宣称无运行时影响
sgl-project/sglang,0f6761b54facebb47f2068f87ecccd8f14da3a0e,[sgl-router] Add SGLang-compatible DeepSeek V4.1 Flash rendering (#40532),Kan Wu,2026-09-21T10:35:09Z,https://github.com/sgl-project/sglang/commit/0f6761b54facebb47f2068f87ecccd8f14da3a0e,Observe,,title_triage,保留候选；未凭标题接受
sgl-project/sglang,0abb251a201c5b7eda37fb2012b8ecc31b0e7cd1,[sgl-router] Match DeepSeek V4 rendering to SGLang (#40530),Kan Wu,2026-09-21T09:56:41Z,https://github.com/sgl-project/sglang/commit/0abb251a201c5b7eda37fb2012b8ecc31b0e7cd1,Observe,,title_triage,保留候选；未凭标题接受
sgl-project/sglang,2016f5e7a12ec7dc80c1e1f633f9ced8dbe419ad,[sgl-router] Add Kimi-K3 rendering with SGLang parity (#40390),Kan Wu,2026-09-21T09:38:49Z,https://github.com/sgl-project/sglang/commit/2016f5e7a12ec7dc80c1e1f633f9ced8dbe419ad,Observe,,title_triage,保留候选；未凭标题接受
sgl-project/sglang,b86a30afbae389eec8763f4bcf38f14904d2d00c,[AMD][DI][CI] Add a SPUR cluster profile to AMD DI CI  (#40113),Zhaoyi Li,2026-09-21T08:56:46Z,https://github.com/sgl-project/sglang/commit/b86a30afbae389eec8763f4bcf38f14904d2d00c,Ignore,,title_triage,CI/docs/test/chore 标题初筛；不宣称无运行时影响
sgl-project/sglang,8faa2d6731812fbcfe3a7f906333f92988882ad3,[NPU][Diffusion] Disable loading latency checks in Ascend fixtures (#40544),hanwlax,2026-09-21T08:56:35Z,https://github.com/sgl-project/sglang/commit/8faa2d6731812fbcfe3a7f906333f92988882ad3,Observe,,title_triage,保留候选；未凭标题接受
sgl-project/sglang,630b1ef322c2f995adf7ecafa067b67289d1b9e0,[sgl-router] Fix reorg admission proxy test build after BucketResolver::new (#40537),Shangming Cai,2026-09-21T08:42:29Z,https://github.com/sgl-project/sglang/commit/630b1ef322c2f995adf7ecafa067b67289d1b9e0,Ignore,,title_triage,CI/docs/test/chore 标题初筛；不宣称无运行时影响
sgl-project/sglang,8d08dfdab7b7086486677aacf2e63814496a385c,[Fix] Add gigachat35 to the tool-call and reasoning parser name lists (#40554),Mohammad Miadh Angkad,2026-09-21T08:34:43Z,https://github.com/sgl-project/sglang/commit/8d08dfdab7b7086486677aacf2e63814496a385c,Observe,,title_triage,保留候选；未凭标题接受
sgl-project/sglang,a9871012acb768dc94a43a6542cc32626c7b7b0b,[sgl-router] refactor - generalized admission policy definitions (#40271),Kan Wu,2026-09-21T08:26:30Z,https://github.com/sgl-project/sglang/commit/a9871012acb768dc94a43a6542cc32626c7b7b0b,Observe,,title_triage,保留候选；未凭标题接受
sgl-project/sglang,70b5b03e78612c94f86ac98eb4d2d8d19ceda738,[NPU][CI] Fix paths-filter negation that makes every PR run the NPU tier (#40549),Shangming Cai,2026-09-21T08:07:27Z,https://github.com/sgl-project/sglang/commit/70b5b03e78612c94f86ac98eb4d2d8d19ceda738,Ignore,,title_triage,CI/docs/test/chore 标题初筛；不宣称无运行时影响
sgl-project/sglang,c2f860af1c925770183a1aa7ca6ea70076c13952,[ci][xpu] Record device time in the multimodal_gen perf lane (#39956),ashwini rathi,2026-09-21T07:39:29Z,https://github.com/sgl-project/sglang/commit/c2f860af1c925770183a1aa7ca6ea70076c13952,Ignore,,title_triage,CI/docs/test/chore 标题初筛；不宣称无运行时影响
sgl-project/sglang,b63f8416b3b73bafdec029005c5db36bad207b44,[Feature] Gigachat 3.5 support (#29189),Stanislav Petrov,2026-09-21T06:37:55Z,https://github.com/sgl-project/sglang/commit/b63f8416b3b73bafdec029005c5db36bad207b44,Observe,,title_triage,保留候选；未凭标题接受
sgl-project/sglang,b54d5b7c7b9792dd43fd5086b73f96ffc87cda72,disaggregation: Fix FakeKVSender queue accumulation (#28652),kpjeeja,2026-09-21T06:27:05Z,https://github.com/sgl-project/sglang/commit/b54d5b7c7b9792dd43fd5086b73f96ffc87cda72,Observe,,title_triage,保留候选；未凭标题接受
sgl-project/sglang,f5f3c38aad65d70e5ee07bb1b5dce7bb4c6d2d49,[Fix] Preserve YaRN scaling when extending rotary caches (#38786),skyler-apdx,2026-09-21T06:14:05Z,https://github.com/sgl-project/sglang/commit/f5f3c38aad65d70e5ee07bb1b5dce7bb4c6d2d49,Observe,,title_triage,保留候选；未凭标题接受
sgl-project/sglang,d20cd9d77fbd09628e8b9cc4fe2e10199aa7bde4,[XPU]Enable HiSparse hierarchical sparse KV cache on Intel XPU (#32792),AMRUTHA M,2026-09-21T06:07:49Z,https://github.com/sgl-project/sglang/commit/d20cd9d77fbd09628e8b9cc4fe2e10199aa7bde4,Observe,,title_triage,保留候选；未凭标题接受
sgl-project/sglang,fcb080bd4007d88c76fd901a07248066b460684a,[sgl-router] refactor - cache-aware policy (#40366),Kan Wu,2026-09-21T05:53:57Z,https://github.com/sgl-project/sglang/commit/fcb080bd4007d88c76fd901a07248066b460684a,Observe,,title_triage,保留候选；未凭标题接受
sgl-project/sglang,11ecdbf39ff90308b67f057b9ab4c2402425afa6,Clean up startup logging and streamline log audits (#40526),Lianmin Zheng,2026-09-21T05:28:35Z,https://github.com/sgl-project/sglang/commit/11ecdbf39ff90308b67f057b9ab4c2402425afa6,Observe,,title_triage,保留候选；未凭标题接受
sgl-project/sglang,292e3ccc0c5d96d4769f5ccf406809599749bf8c,[ci][xpu] Re-seed the wan2_1_t2v_1.3b perf baseline on Arc Pro B60 (#39955),ashwini rathi,2026-09-21T05:04:35Z,https://github.com/sgl-project/sglang/commit/292e3ccc0c5d96d4769f5ccf406809599749bf8c,Ignore,,title_triage,CI/docs/test/chore 标题初筛；不宣称无运行时影响
sgl-project/sglang,1da8ac10e17baa394c44dafa173382f9ab03d8e9,Update to the cookbook for XPU-supported models (#33649),Ziru,2026-09-21T03:26:09Z,https://github.com/sgl-project/sglang/commit/1da8ac10e17baa394c44dafa173382f9ab03d8e9,Observe,,title_triage,保留候选；未凭标题接受
sgl-project/sglang,62ba9648482e1b0a253187c8dc6ac5d23bbbd403,Fix: post-load staging regression breaks offload meta/sharded_gpu modes (#38779),jianzhao-xu,2026-09-21T03:19:07Z,https://github.com/sgl-project/sglang/commit/62ba9648482e1b0a253187c8dc6ac5d23bbbd403,Observe,,title_triage,保留候选；未凭标题接受
sgl-project/sglang,ab03a8e7eb82d35907bfbeb645bf0af8b4ce290e,"[Perf] Fork-safe import: no CUDA context at import time, lighter argument parsing (#40201)",Xueshen Liu,2026-09-21T02:48:35Z,https://github.com/sgl-project/sglang/commit/ab03a8e7eb82d35907bfbeb645bf0af8b4ce290e,Observe,,title_triage,保留候选；未凭标题接受
sgl-project/sglang,176dbcb85d3b7737564e4911947035cc0af65f0a,[npu]add chunk gdn kernel and unify ssm state layout for ascend gdn backend (#36187),zhaozx-cn,2026-09-21T01:51:19Z,https://github.com/sgl-project/sglang/commit/176dbcb85d3b7737564e4911947035cc0af65f0a,Observe,,title_triage,保留候选；未凭标题接受
sgl-project/sglang,6ad78f2281674daff6e39f9f9df2952834c0f036,[diffusion] docs: add verified DGX Spark recipe for Qwen-Image 2.1 (#40487),Mick,2026-09-21T00:49:35Z,https://github.com/sgl-project/sglang/commit/6ad78f2281674daff6e39f9f9df2952834c0f036,Ignore,,title_triage,CI/docs/test/chore 标题初筛；不宣称无运行时影响
sgl-project/sglang,b912db67ea51c19874476d88477fe35afa248265,[diffusion] fix: keep Qwen-Image 2.1 prefix KV per layer under Cache-DiT (#40472),WenhaoZhang,2026-09-21T00:48:31Z,https://github.com/sgl-project/sglang/commit/b912db67ea51c19874476d88477fe35afa248265,Observe,,title_triage,保留候选；未凭标题接受
sgl-project/sglang,501b7851e49ca30f2fee8aed6f7beaabdd1a768f,[diffusion] CI: guard E2E/loading latency with runner-aware baselines (#39206),Mick,2026-09-21T00:43:22Z,https://github.com/sgl-project/sglang/commit/501b7851e49ca30f2fee8aed6f7beaabdd1a768f,Ignore,,title_triage,CI/docs/test/chore 标题初筛；不宣称无运行时影响
sgl-project/sglang,3a0324fb9bba280af291c3e27ea5d54b96987315,[diffusion] optimization: reduce Qwen-Image 2.1 vae and graph warmup memory (#40481),Mick,2026-09-21T00:42:02Z,https://github.com/sgl-project/sglang/commit/3a0324fb9bba280af291c3e27ea5d54b96987315,Observe,,title_triage,保留候选；未凭标题接受
sgl-project/sglang,76a9065befb4086a7e56abd58ba3b3b7249f9ffa,"[Fix] Raise on undelivered embeddings in `send_with_url`, fix broken tests (#40502)",Liangsheng Yin,2026-09-21T00:35:27Z,https://github.com/sgl-project/sglang/commit/76a9065befb4086a7e56abd58ba3b3b7249f9ffa,Observe,,title_triage,保留候选；未凭标题接受
sgl-project/sglang,40277405694e33efeb06f72ae763b1bf73bd7773,[sgl-router] refactor - session-aware policy (#40379),Kan Wu,2026-09-21T00:22:36Z,https://github.com/sgl-project/sglang/commit/40277405694e33efeb06f72ae763b1bf73bd7773,Observe,,title_triage,保留候选；未凭标题接受
sgl-project/sglang,aedda8377e4521ec402192b3f3aaa9534175b544,"[sgl-router] refactor - layout BucketResolver, Bucket, EngineGroup and implement PowerOfTwo (#40241)",Kan Wu,2026-09-20T23:57:07Z,https://github.com/sgl-project/sglang/commit/aedda8377e4521ec402192b3f3aaa9534175b544,Observe,,title_triage,保留候选；未凭标题接受
sgl-project/sglang,4a9dc5c4af9631b658c6f9d61129f5d2ac32e500,[sgl-router] refactor - move policy-required states under src/state (#40272),Kan Wu,2026-09-20T23:49:23Z,https://github.com/sgl-project/sglang/commit/4a9dc5c4af9631b658c6f9d61129f5d2ac32e500,Observe,,title_triage,保留候选；未凭标题接受
sgl-project/sglang,acd20a516ed2a3274ef574f9506939360de2ba22,[CI] Give the kernel lane a 5090 suite and move kernel-only tests off the general lane (#40496),Liangsheng Yin,2026-09-20T23:46:53Z,https://github.com/sgl-project/sglang/commit/acd20a516ed2a3274ef574f9506939360de2ba22,Ignore,,title_triage,CI/docs/test/chore 标题初筛；不宣称无运行时影响
sgl-project/sglang,42875bcd2a7f2d9685eb3dd98fd787b54e3787d1,"fix(modelopt): dispatch NVFP4 MoE on the cached backend, not the live global (#38932)",Divy,2026-09-20T23:28:54Z,https://github.com/sgl-project/sglang/commit/42875bcd2a7f2d9685eb3dd98fd787b54e3787d1,Observe,,title_triage,保留候选；未凭标题接受
sgl-project/sglang,2fa6b94e3440d28dab7460246f0b34426a4e4b80,[Perf] Fuse the glm5_next mHC attn->MLP boundary (#39200),Mohammad Miadh Angkad,2026-09-20T23:20:37Z,https://github.com/sgl-project/sglang/commit/2fa6b94e3440d28dab7460246f0b34426a4e4b80,Observe,,title_triage,保留候选；未凭标题接受
sgl-project/sglang,983e643854f15cf9ef4370a49dfd74b6af54c3e3,[Feature] support bf16 MoE router and mxfp4 MoE for MiMo V2 (#40448),ollybbmonster,2026-09-20T23:13:59Z,https://github.com/sgl-project/sglang/commit/983e643854f15cf9ef4370a49dfd74b6af54c3e3,Observe,,title_triage,保留候选；未凭标题接受
sgl-project/sglang,2e2d8a2fda5c3bb9a8f62601679bfc2b18ec67d6,[CI] Drive per-commit stage jobs from a runner table instead of copied job blocks (#40495),Liangsheng Yin,2026-09-20T22:43:46Z,https://github.com/sgl-project/sglang/commit/2e2d8a2fda5c3bb9a8f62601679bfc2b18ec67d6,Ignore,,title_triage,CI/docs/test/chore 标题初筛；不宣称无运行时影响
sgl-project/sglang,d97aed2c908df22a68bc9b787395f1836970eee3,Fix TopK v2 fallback when 16-block cluster capacity is zero (#40163),luoroger37,2026-09-20T22:41:41Z,https://github.com/sgl-project/sglang/commit/d97aed2c908df22a68bc9b787395f1836970eee3,Observe,,title_triage,保留候选；未凭标题接受
sgl-project/sglang,f31a7bd45c6ab86796aa012ebfd2378bc42e1a59,Use pinned memory for asynchronous sampling metadata transfers (#39777),Yuxuan Zhang,2026-09-20T22:31:31Z,https://github.com/sgl-project/sglang/commit/f31a7bd45c6ab86796aa012ebfd2378bc42e1a59,Observe,,title_triage,保留候选；未凭标题接受
sgl-project/sglang,95521da18df4780e9c63f5e2ddd284ecd9ca9b1c,[DeepSeek-V4.1] Bound dense prefill indexer memory (#40217),Harmya Bhatt,2026-09-20T21:43:19Z,https://github.com/sgl-project/sglang/commit/95521da18df4780e9c63f5e2ddd284ecd9ca9b1c,Read,G5,selected_diff,新接纳机制，详见信号
sgl-project/sglang,c2c3629f2dc0d4fa9386e90ea1a63e6ed5d50580,[Kimi-K3] O(1) expert weight lookup in load_weights (#38805),JinYan Su,2026-09-20T21:39:45Z,https://github.com/sgl-project/sglang/commit/c2c3629f2dc0d4fa9386e90ea1a63e6ed5d50580,Observe,,title_triage,保留候选；未凭标题接受
sgl-project/sglang,f6483e479fc7de2ee67230f6004722966bfe71bf,"[Test] Drop cause-less disabled tests, fix XPU lane, demote quality gates off base-c (#40288)",Liangsheng Yin,2026-09-20T21:36:02Z,https://github.com/sgl-project/sglang/commit/f6483e479fc7de2ee67230f6004722966bfe71bf,Ignore,,title_triage,CI/docs/test/chore 标题初筛；不宣称无运行时影响
sgl-project/sglang,d229952e25b4df459e7d9bf74336717e3883e906,[Fix] Preserve model runner contracts in prefill CUDA graphs (#35452),Aurick Qiao,2026-09-20T20:53:14Z,https://github.com/sgl-project/sglang/commit/d229952e25b4df459e7d9bf74336717e3883e906,Observe,,title_triage,保留候选；未凭标题接受
sgl-project/sglang,745de73ba3c136b6f99b7a3e2177ed1a8eef4a56,Add CODEOWNERS entry for sglang-renderer (#40483),Shangming Cai,2026-09-20T17:37:50Z,https://github.com/sgl-project/sglang/commit/745de73ba3c136b6f99b7a3e2177ed1a8eef4a56,Observe,,title_triage,保留候选；未凭标题接受
sgl-project/sglang,b3e4d198af5e74e5070e541475fd767302342be9,[PD] Bound cached-prefix DCP transfers by pack capacity (#40376),Khoa Pham,2026-09-20T17:17:15Z,https://github.com/sgl-project/sglang/commit/b3e4d198af5e74e5070e541475fd767302342be9,Observe,,title_triage,保留候选；未凭标题接受
sgl-project/sglang,80da4432d085ed4d6166ef643d9fd2b829dbb0c5,[Simulator] Fix meta host memory budgets on constrained runners (#40440),Shuwen Wang,2026-09-20T16:42:55Z,https://github.com/sgl-project/sglang/commit/80da4432d085ed4d6166ef643d9fd2b829dbb0c5,Observe,,title_triage,保留候选；未凭标题接受
sgl-project/sglang,3dbdd700e2e99460cb5aa3e1da1b7567b96ef7d7,[CI] update CI permissions (#40474),WenhaoZhang,2026-09-20T16:07:37Z,https://github.com/sgl-project/sglang/commit/3dbdd700e2e99460cb5aa3e1da1b7567b96ef7d7,Ignore,,title_triage,CI/docs/test/chore 标题初筛；不宣称无运行时影响
sgl-project/sglang,e97614d10c8e2c90a72387276086dc33f21bba67,[Qwen4-Exp] Build the offloaded PLE table on the meta device so --ple-offload-embedding never materialises it on the accelerator (#39928),Jimmy Shong,2026-09-20T15:28:25Z,https://github.com/sgl-project/sglang/commit/e97614d10c8e2c90a72387276086dc33f21bba67,Observe,,title_triage,保留候选；未凭标题接受
sgl-project/sglang,5f017ffabb6ab8d214f6a4616ee8bd98a376034a,Update test cases and performance testing framework (#40392),ZY Y,2026-09-20T14:42:00Z,https://github.com/sgl-project/sglang/commit/5f017ffabb6ab8d214f6a4616ee8bd98a376034a,Ignore,,title_triage,CI/docs/test/chore 标题初筛；不宣称无运行时影响
sgl-project/sglang,404dee10c040daa6e58d75dba98ae020d5f4acdd,[NPU] add coverage-based precision test selection pipeline (#38339),chenyang08056032,2026-09-20T14:40:55Z,https://github.com/sgl-project/sglang/commit/404dee10c040daa6e58d75dba98ae020d5f4acdd,Ignore,,title_triage,CI/docs/test/chore 标题初筛；不宣称无运行时影响
sgl-project/sglang,8923f4d779b54ff8e0103ea80179311c6a3c3cb3,[Test] Fix optimistic prefill disaggregation test after mamba radix cache removal (#40469),Mohammad Miadh Angkad,2026-09-20T14:39:34Z,https://github.com/sgl-project/sglang/commit/8923f4d779b54ff8e0103ea80179311c6a3c3cb3,Ignore,,title_triage,CI/docs/test/chore 标题初筛；不宣称无运行时影响
sgl-project/sglang,791c7850d0960fd768102f71e7d999b036bb75ba,[Diffusion] Enable shared RMSNorm dispatch for SenseNova-U1 (#39705),faceless void,2026-09-20T14:08:02Z,https://github.com/sgl-project/sglang/commit/791c7850d0960fd768102f71e7d999b036bb75ba,Observe,,title_triage,保留候选；未凭标题接受
sgl-project/sglang,7b1c2ed0a423718492069a56db48bd451b5ec994,[rust-renderer] Standalone preprocessing (#36718),Sage,2026-09-20T14:03:12Z,https://github.com/sgl-project/sglang/commit/7b1c2ed0a423718492069a56db48bd451b5ec994,Observe,,title_triage,保留候选；未凭标题接受
sgl-project/sglang,6880a4795533640f41ebb3db9e4ae0af5a371a1f,[diffusion] docs: simplify Qwen-Image 2.1 cookbook (#40455),Mick,2026-09-20T12:39:26Z,https://github.com/sgl-project/sglang/commit/6880a4795533640f41ebb3db9e4ae0af5a371a1f,Ignore,,title_triage,CI/docs/test/chore 标题初筛；不宣称无运行时影响
sgl-project/sglang,c610c403990255e6ffe41d7314f6fb748a53085f,[sgl-router] refactor - config and organize CLI options (#39867),Kan Wu,2026-09-20T11:40:04Z,https://github.com/sgl-project/sglang/commit/c610c403990255e6ffe41d7314f6fb748a53085f,Observe,,title_triage,保留候选；未凭标题接受
sgl-project/sglang,efa7be2091282e96318f0d9d22d9f78dde099848,[Simulator][Compatibility] Adapt to latest KV cache pool interfaces (#40418),Ruiyan Ma,2026-09-20T10:00:06Z,https://github.com/sgl-project/sglang/commit/efa7be2091282e96318f0d9d22d9f78dde099848,Observe,,title_triage,保留候选；未凭标题接受
sgl-project/sglang,0024efa0de38794ee309ba10ab00ebb891a3d050,[CI] Derive registered-test kind from the registry call instead of the path (#40294),Liangsheng Yin,2026-09-20T09:01:22Z,https://github.com/sgl-project/sglang/commit/0024efa0de38794ee309ba10ab00ebb891a3d050,Ignore,,title_triage,CI/docs/test/chore 标题初筛；不宣称无运行时影响
sgl-project/sglang,671630abf1b783cafcfc9277f7afdc3f56abc338,[sgl-router] refactor - main startup logic (#39861),Kan Wu,2026-09-20T08:55:34Z,https://github.com/sgl-project/sglang/commit/671630abf1b783cafcfc9277f7afdc3f56abc338,Observe,,title_triage,保留候选；未凭标题接受
sgl-project/sglang,2a0cb2f04edbd85778f1fb8c26272c7f668d9c34,[Diffusion][MiniMax-H3] Add SM120 Sage compute for SubBlock sparse attention (#40116),HuangJi,2026-09-20T08:40:28Z,https://github.com/sgl-project/sglang/commit/2a0cb2f04edbd85778f1fb8c26272c7f668d9c34,Observe,,title_triage,保留候选；未凭标题接受
sgl-project/sglang,414adef060f41977e3a4888cdb35cb0b1f4b8858,[CI] skip srt rust extension builds for diffusion-only PRs (#40293),Mick,2026-09-20T08:33:23Z,https://github.com/sgl-project/sglang/commit/414adef060f41977e3a4888cdb35cb0b1f4b8858,Ignore,,title_triage,CI/docs/test/chore 标题初筛；不宣称无运行时影响
sgl-project/sglang,dc002c85fcc94b8b145207d6bfbd57d60a3113f5,[Test] Fix OOT DFlash hook test resolving the draft config over the network (#40427),Liangsheng Yin,2026-09-20T08:25:34Z,https://github.com/sgl-project/sglang/commit/dc002c85fcc94b8b145207d6bfbd57d60a3113f5,Ignore,,title_triage,CI/docs/test/chore 标题初筛；不宣称无运行时影响
sgl-project/sglang,9f3d2759407f2e3b9c097b41f90ddac3a499beb5,[HiCache] Fix sparse hybrid transfer layer IDs (#37870),Shuwen Wang,2026-09-20T08:24:24Z,https://github.com/sgl-project/sglang/commit/9f3d2759407f2e3b9c097b41f90ddac3a499beb5,Observe,,title_triage,保留候选；未凭标题接受
sgl-project/sglang,e54009240a84bf52eb7a21ec532ea49f1b9dd941,[AMD][DSV4] feat: enable DSpark with fp8 unified_kv on gfx950 (#38901),amd-danli103,2026-09-20T08:16:39Z,https://github.com/sgl-project/sglang/commit/e54009240a84bf52eb7a21ec532ea49f1b9dd941,Observe,,title_triage,保留候选；未凭标题接受
sgl-project/sglang,a8a4d86be9f483fabd097350b06b6ae6e6905874,Remove swa and mamba radix cache (#40313),Ke Bao,2026-09-20T08:16:27Z,https://github.com/sgl-project/sglang/commit/a8a4d86be9f483fabd097350b06b6ae6e6905874,Observe,,title_triage,保留候选；未凭标题接受
sgl-project/sglang,5c69e32abe013fa1b913022682a3104c79105f37,"[NPU] [DOC] fix typos, heading levels and terminology in NPU docs (#40402)",amote-i,2026-09-20T07:15:58Z,https://github.com/sgl-project/sglang/commit/5c69e32abe013fa1b913022682a3104c79105f37,Ignore,,title_triage,CI/docs/test/chore 标题初筛；不宣称无运行时影响
sgl-project/sglang,f4c256354cc8a15d18b11f970f01a82d7394a715,[kimi k3][pd disagg] support pp prefill + dcp decode with dspark (#40045),Qiaolin Yu,2026-09-20T07:15:28Z,https://github.com/sgl-project/sglang/commit/f4c256354cc8a15d18b11f970f01a82d7394a715,Observe,,title_triage,保留候选；未凭标题接受
sgl-project/sglang,22f02cc3399dcd59380fc546de8d3c89fba6fa3a,[Test] Fix scheduler fixtures after prefill burst counting (#40411),Mohammad Miadh Angkad,2026-09-20T07:08:04Z,https://github.com/sgl-project/sglang/commit/22f02cc3399dcd59380fc546de8d3c89fba6fa3a,Ignore,,title_triage,CI/docs/test/chore 标题初筛；不宣称无运行时影响
sgl-project/sglang,99a44c88d4177f2e3b08bbccb49b33278bcc945a,Add out-of-tree DFlash extension points (#38740),Yuhan Chen,2026-09-20T06:54:46Z,https://github.com/sgl-project/sglang/commit/99a44c88d4177f2e3b08bbccb49b33278bcc945a,Observe,,title_triage,保留候选；未凭标题接受
sgl-project/sglang,9f21fbc34b13f915b09a04268313459554fafee2,[GLM-5.3-Flash] Reduce KPool planning synchronization and overlap indexer preparation (#39695),Yuxuan Zhang,2026-09-20T06:51:17Z,https://github.com/sgl-project/sglang/commit/9f21fbc34b13f915b09a04268313459554fafee2,Observe,,title_triage,保留候选；未凭标题接受
sgl-project/sglang,c8eb54c41da1d6b452e77469fda548547dd21b14,Fuse GLM-5.3-Flash KDA projections and prefill metadata (#39688),Yuxuan Zhang,2026-09-20T06:46:33Z,https://github.com/sgl-project/sglang/commit/c8eb54c41da1d6b452e77469fda548547dd21b14,Observe,,title_triage,保留候选；未凭标题接受
sgl-project/sglang,c1a1eb5f66649e4f3422e899e3ba7d9c7b37892a,docs: sync LMSYS SGLang blog cards (#40276),sglang-bot,2026-09-20T06:35:20Z,https://github.com/sgl-project/sglang/commit/c1a1eb5f66649e4f3422e899e3ba7d9c7b37892a,Ignore,,title_triage,CI/docs/test/chore 标题初筛；不宣称无运行时影响
sgl-project/sglang,2d216a11f8c2ed125e46de581ed255bc138fffe1,[Model] Serve DeepSeek-OCR-2 with its official 768px local-crop geometry (#38996),chaijiacheng888,2026-09-20T06:17:21Z,https://github.com/sgl-project/sglang/commit/2d216a11f8c2ed125e46de581ed255bc138fffe1,Observe,,title_triage,保留候选；未凭标题接受
sgl-project/sglang,031bff5dd3f883f865a65283f8ce46eee4184983,[diffusion] chore: batch qwen-image 2.1 targets and document measured deployment recipes (#40408),Mick,2026-09-20T05:59:36Z,https://github.com/sgl-project/sglang/commit/031bff5dd3f883f865a65283f8ce46eee4184983,Ignore,,title_triage,CI/docs/test/chore 标题初筛；不宣称无运行时影响
sgl-project/sglang,99d53fe0c2f5d3d0cff303e6b12bb071eba38a7c,[sgl-router] refactor - chat_completions() into modules (#39848),Kan Wu,2026-09-20T05:51:25Z,https://github.com/sgl-project/sglang/commit/99d53fe0c2f5d3d0cff303e6b12bb071eba38a7c,Observe,,title_triage,保留候选；未凭标题接受
sgl-project/sglang,dd83b54611897a5f80f4df59e69756bd2fb4b8ab,Update linear attention code owner directory (#40389),Yuan Luo,2026-09-20T04:13:47Z,https://github.com/sgl-project/sglang/commit/dd83b54611897a5f80f4df59e69756bd2fb4b8ab,Observe,,title_triage,保留候选；未凭标题接受
sgl-project/sglang,59dd2fc7343158567dbb5073596398c33890b7ec,[2/N] [Kernel] Fuse padding-preserving HiSparse slot translation (#39837),Sasha Sidorov,2026-09-20T04:04:03Z,https://github.com/sgl-project/sglang/commit/59dd2fc7343158567dbb5073596398c33890b7ec,Observe,,title_triage,保留候选；未凭标题接受
sgl-project/sglang,df0dc44931433b8a3488fbd4c6489e08cdee8703,[Fix] Forward SWA prealloc reclaim through the DSV4 HiSparse allocator (#40354),Mohammad Miadh Angkad,2026-09-20T03:27:51Z,https://github.com/sgl-project/sglang/commit/df0dc44931433b8a3488fbd4c6489e08cdee8703,Observe,,title_triage,保留候选；未凭标题接受
sgl-project/sglang,020703923dba90d531fe8ec472de720584b69f80,[PP + HiCache] Add PP Prefetch Tickets for eager cross-stage storage prefetch (#36700),huangtingwei,2026-09-20T03:19:31Z,https://github.com/sgl-project/sglang/commit/020703923dba90d531fe8ec472de720584b69f80,Read,G9,selected_diff,新接纳机制，详见信号
sgl-project/sglang,113f6f080eb8fcb5924b1ae252eb66282743be15,[PD] Enter the custom mem pool once when allocating DCP pack buffers (#40284),zijiexia,2026-09-20T02:34:58Z,https://github.com/sgl-project/sglang/commit/113f6f080eb8fcb5924b1ae252eb66282743be15,Observe,,title_triage,保留候选；未凭标题接受
sgl-project/sglang,d82d653f96830832096d51c43baffaaeb13819a8,Enable optimistic prefill for Mamba radix-cache models (#40184),Tri Dao,2026-09-20T02:28:11Z,https://github.com/sgl-project/sglang/commit/d82d653f96830832096d51c43baffaaeb13819a8,Observe,,title_triage,保留候选；未凭标题接受
verl-project/verl,8e03c039f9a70750490c93196b759b332fc029fd,[megatron] fix: preserve bucketed VLM THD lengths (#7948),yqin,2026-09-22T02:10:26Z,https://github.com/verl-project/verl/commit/8e03c039f9a70750490c93196b759b332fc029fd,Read,G3,selected_diff,新接纳机制，详见信号
verl-project/verl,ace775e87d8765bcdd114aac734ab71da5367a0f,"[trainer, rollout] fix: honor V1 standalone rollout memory budget (#7926)",Zupeng Wang,2026-09-22T01:54:39Z,https://github.com/verl-project/verl/commit/ace775e87d8765bcdd114aac734ab71da5367a0f,Observe,,title_triage,保留候选；未凭标题接受
verl-project/verl,fa8f14f88d18c92e5cfa5799fedf8e5774495542,[ci] fix: pin transformers==5.5.4 in e2e_sft_llm_ascend workflow (#7967),aass-79,2026-09-21T12:08:20Z,https://github.com/verl-project/verl/commit/fa8f14f88d18c92e5cfa5799fedf8e5774495542,Ignore,,title_triage,CI/docs/test/chore 标题初筛；不宣称无运行时影响
verl-project/verl,3f9d4c0d32cc20c7ec31c8137e91bb5673ce9e5e,[rollout] chore: upgrade vllm==0.29.0/sglang==0.5.20 (#7973),Joel,2026-09-21T11:31:12Z,https://github.com/verl-project/verl/commit/3f9d4c0d32cc20c7ec31c8137e91bb5673ce9e5e,Ignore,,title_triage,CI/docs/test/chore 标题初筛；不宣称无运行时影响
verl-project/verl,339a5636367772b4ae3131588f718b5e8b28aa77,[megatron] fix: compute distillation mass metrics before clamping (#7723),HSYZhang,2026-09-21T06:13:14Z,https://github.com/verl-project/verl/commit/339a5636367772b4ae3131588f718b5e8b28aa77,Observe,,title_triage,保留候选；未凭标题接受
verl-project/verl,ff93c77eb93e546782b1c0dbdbfe3a559bcef3e0,"[rollout, hardware] fix: use FULL_DECODE_ONLY to avoid ACL graph resource exhaustion in Qwen3.5-35B example (#7959)",wangdongleix,2026-09-21T01:49:07Z,https://github.com/verl-project/verl/commit/ff93c77eb93e546782b1c0dbdbfe3a559bcef3e0,Observe,,title_triage,保留候选；未凭标题接受
verl-project/verl,f542ae22b730b3736d3a46e79d9d8848813a2d48,[misc] chore: change verl-wheelhouse to /cu130/torch2.11/simple (#7963),Joel,2026-09-20T16:25:40Z,https://github.com/verl-project/verl/commit/f542ae22b730b3736d3a46e79d9d8848813a2d48,Ignore,,title_triage,CI/docs/test/chore 标题初筛；不宣称无运行时影响
verl-project/verl,f3d9b56e789c39a06c4b87cc367bae02bac9102b,[misc] chore: upgrade dependency TransferQueue>=0.1.10 (#7951),Joel,2026-09-20T09:42:37Z,https://github.com/verl-project/verl/commit/f3d9b56e789c39a06c4b87cc367bae02bac9102b,Ignore,,title_triage,CI/docs/test/chore 标题初筛；不宣称无运行时影响
verl-project/verl,2d98ec778255f3007e7b276d9a2bf877c463ec70,[tool] fix: separate teacher rollout lanes (#7927),Xiaobo Hu,2026-09-20T08:17:32Z,https://github.com/verl-project/verl/commit/2d98ec778255f3007e7b276d9a2bf877c463ec70,Observe,,title_triage,保留候选；未凭标题接受
verl-project/verl,23a341e361e18063b4ec53e1f7cc4eae68f102cf,[model] chore: add Qwen3.8-27B Megatron GRPO script (#7717),Feng,2026-09-20T07:43:35Z,https://github.com/verl-project/verl/commit/23a341e361e18063b4ec53e1f7cc4eae68f102cf,Ignore,,title_triage,CI/docs/test/chore 标题初筛；不宣称无运行时影响
verl-project/verl,76e14c9a1b2861c61305b68c71b24c2ebc047ec8,[single_controller] feat: discover TPU resource in Ray (#7849),askhat-g,2026-09-20T03:09:48Z,https://github.com/verl-project/verl/commit/76e14c9a1b2861c61305b68c71b24c2ebc047ec8,Observe,,title_triage,保留候选；未凭标题接受
verl-project/verl,5026915b60fb0a99a0d6e929b4b5af9a4ceae1f8,[veomni] fix: accept VeOmni's `dp_shard` mesh as a 1-D FSDP shard (#7942),dafu,2026-09-20T02:47:27Z,https://github.com/verl-project/verl/commit/5026915b60fb0a99a0d6e929b4b5af9a4ceae1f8,Observe,,title_triage,保留候选；未凭标题接受
vllm-project/vllm,91d7324cb19d301c72d849e457221ee8dd645024,[perf] wire FA and FlashMLA for sm90 GLM5Next NoPE SparseMLA (#55385),Jared Wen,2026-09-22T09:03:59Z,https://github.com/vllm-project/vllm/commit/91d7324cb19d301c72d849e457221ee8dd645024,Observe,,title_triage,保留候选；未凭标题接受
vllm-project/vllm,64a48b19b41005f1e783a69b9fdd0b5364aea4cf,"[CI] Emit a kernel symbol map from the csrc build (opt-in, for test selection) (#58097)",Kevin H. Luu,2026-09-22T08:37:34Z,https://github.com/vllm-project/vllm/commit/64a48b19b41005f1e783a69b9fdd0b5364aea4cf,Ignore,,title_triage,CI/docs/test/chore 标题初筛；不宣称无运行时影响
vllm-project/vllm,f92b78f6ef9c9b28f60668da77af5b65645b1a45,[Kernel][DSV4.1] Fuse MXFP8 wo_b GEMM with sequence-parallel reduce-scatter (#57428),Canlin Guo,2026-09-22T08:07:17Z,https://github.com/vllm-project/vllm/commit/f92b78f6ef9c9b28f60668da77af5b65645b1a45,Observe,,title_triage,保留候选；未凭标题接受
vllm-project/vllm,a6c47fbbf4187e8ae5396ebdcf93234db617a4ad,[Rust Frontend] Separate multimodal instrumentation from request timing (#58084),Bugen Zhao,2026-09-22T06:57:56Z,https://github.com/vllm-project/vllm/commit/a6c47fbbf4187e8ae5396ebdcf93234db617a4ad,Observe,,title_triage,保留候选；未凭标题接受
vllm-project/vllm,2af05512cf94eda87b4eb51e9f1345a12337a36d,[Kernel] Add opt-in load-time MXFP4 dequantization (#50814),yinfengLiu,2026-09-22T06:51:12Z,https://github.com/vllm-project/vllm/commit/2af05512cf94eda87b4eb51e9f1345a12337a36d,Observe,,title_triage,保留候选；未凭标题接受
vllm-project/vllm,68363d64ec476bbbf5025b30ced0f6a2425b1291,[ROCm][Perf] Avoid extra reshape kernel in Qwen GDN output norm (#47842),Mikko Tukiainen,2026-09-22T06:38:16Z,https://github.com/vllm-project/vllm/commit/68363d64ec476bbbf5025b30ced0f6a2425b1291,Observe,,title_triage,保留候选；未凭标题接受
vllm-project/vllm,496c6472cb70d5eb8681dadae238d160f5086454,[Rust Frontend] Build full-output grammars from initialized reasoning parsers (#57340),Bugen Zhao,2026-09-22T06:11:55Z,https://github.com/vllm-project/vllm/commit/496c6472cb70d5eb8681dadae238d160f5086454,Observe,,title_triage,保留候选；未凭标题接受
vllm-project/vllm,a33b3bac5dad5654065adbdadc87f35118e482e3,[Bugfix][Qwen2.5-VL] Honor video fps for temporal M-RoPE (#47736),Ting SUN,2026-09-22T05:56:12Z,https://github.com/vllm-project/vllm/commit/a33b3bac5dad5654065adbdadc87f35118e482e3,Observe,,title_triage,保留候选；未凭标题接受
vllm-project/vllm,5abf85d27ace7998a86b27d2754de239c73d0723,[Bugfix][Frontend] Validate mixed prompt embedding mask lengths (#57006),shaohuaxi,2026-09-22T05:50:31Z,https://github.com/vllm-project/vllm/commit/5abf85d27ace7998a86b27d2754de239c73d0723,Observe,,title_triage,保留候选；未凭标题接受
vllm-project/vllm,4800024b98f70c9b3022c27b41e63a5dc9556ed7,[Security] Reject min_tokens that exceeds the filled max_tokens default (#57731),Juan Pérez de Algaba,2026-09-22T05:50:23Z,https://github.com/vllm-project/vllm/commit/4800024b98f70c9b3022c27b41e63a5dc9556ed7,Observe,,title_triage,保留候选；未凭标题接受
vllm-project/vllm,d50723df04f77c732c75e07d337ee81d843e014f,[Rust Frontend] Introduce parser-owned output grammar interfaces (#55269),Bugen Zhao,2026-09-22T05:35:07Z,https://github.com/vllm-project/vllm/commit/d50723df04f77c732c75e07d337ee81d843e014f,Observe,,title_triage,保留候选；未凭标题接受
vllm-project/vllm,f84325c48c0acc1e3703103788c5f2976e719762,[Frontend][Rust] Add mm-processor benchmark for Rust frontend (#51922),karthik,2026-09-22T05:08:35Z,https://github.com/vllm-project/vllm/commit/f84325c48c0acc1e3703103788c5f2976e719762,Observe,,title_triage,保留候选；未凭标题接受
vllm-project/vllm,0961bbae2894d574be790d219651824eb199318e,[Spec Decode] Enable async scheduling for DFlash (#58065),Jeff (Junze) Ma,2026-09-22T05:05:44Z,https://github.com/vllm-project/vllm/commit/0961bbae2894d574be790d219651824eb199318e,Observe,,title_triage,保留候选；未凭标题接受
vllm-project/vllm,42a85a49761921fe5965e28eb971d863d9759503,[ROCm][Bugfix] Explicitly reject FSE=1 with DPA+ETP deployment for DeepSeek-V4 (#57919),Shanshan Shen,2026-09-22T04:45:53Z,https://github.com/vllm-project/vllm/commit/42a85a49761921fe5965e28eb971d863d9759503,Observe,,title_triage,保留候选；未凭标题接受
vllm-project/vllm,639461eda424debe7bbdf2b1fc577bf83e29c643,[RL][Sleep] Retain frozen weights across level-2 sleep (#57891),aoshen02,2026-09-22T04:36:55Z,https://github.com/vllm-project/vllm/commit/639461eda424debe7bbdf2b1fc577bf83e29c643,Observe,9/22 A7,selected_diff,已接纳，去重
vllm-project/vllm,c4d424c2e27b392da235704ba0edca7ac48bd495,[Bugfix][Spec Decode] Cap DFlash/DSpark profiling query batch (#56448),Yicong Wang,2026-09-22T04:36:32Z,https://github.com/vllm-project/vllm/commit/c4d424c2e27b392da235704ba0edca7ac48bd495,Observe,,title_triage,保留候选；未凭标题接受
vllm-project/vllm,ff3c9cba3f459085efdac7e8b7fed35bdb0151a2,[Rust Frontend] Add MiMo V2.5 parser support (#57933),Bugen Zhao,2026-09-22T04:27:09Z,https://github.com/vllm-project/vllm/commit/ff3c9cba3f459085efdac7e8b7fed35bdb0151a2,Observe,,title_triage,保留候选；未凭标题接受
vllm-project/vllm,c723a831a81cb4ff89ea6d61b2d15109306ed1bc,[Fast Start] Cache the MTP draft model in a separate daemon group (#57312),siyu,2026-09-22T03:13:38Z,https://github.com/vllm-project/vllm/commit/c723a831a81cb4ff89ea6d61b2d15109306ed1bc,Observe,,title_triage,保留候选；未凭标题接受
vllm-project/vllm,f07e227ee9acdb8d7e48d69f178c897fb54ecd88,[Docker] Expose bundled vllm-rs on PATH (#57606),Alec,2026-09-22T03:03:03Z,https://github.com/vllm-project/vllm/commit/f07e227ee9acdb8d7e48d69f178c897fb54ecd88,Observe,,title_triage,保留候选；未凭标题接受
vllm-project/vllm,1fee69838eeb72622b441a593888687831c1e434,[XPU] Fix Nemotron FP8 LM-eval config: drop CUDA-only moe_backend and wire to new Buildkite job (#49685),Chaojun Zhang,2026-09-22T02:05:26Z,https://github.com/vllm-project/vllm/commit/1fee69838eeb72622b441a593888687831c1e434,Observe,,title_triage,保留候选；未凭标题接受
vllm-project/vllm,e9f169d16b9408bb9ae44f75072b91a5521d733c,[CI] Add pre-commit check that new tests are tethered to Buildkite jobs (#54867),Turner Jabbour,2026-09-22T01:36:45Z,https://github.com/vllm-project/vllm/commit/e9f169d16b9408bb9ae44f75072b91a5521d733c,Ignore,,title_triage,CI/docs/test/chore 标题初筛；不宣称无运行时影响
vllm-project/vllm,79468c20ef23227d4e051f807e10fd54fb24e24f,[Bugfix][GDN] Fix stateless first-chunk classification (#51565),cherry77-cloud,2026-09-22T01:11:49Z,https://github.com/vllm-project/vllm/commit/79468c20ef23227d4e051f807e10fd54fb24e24f,Observe,,title_triage,保留候选；未凭标题接受
vllm-project/vllm,0bce411a073e0da2c9bded9bb6ced1cbee51c564,[Bugfix] Annotate MTP draft KV cache groups positionally on the hybrid grouping path (#55390),Navjot Singh,2026-09-22T00:31:26Z,https://github.com/vllm-project/vllm/commit/0bce411a073e0da2c9bded9bb6ced1cbee51c564,Observe,,title_triage,保留候选；未凭标题接受
vllm-project/vllm,a369a7becc20c6c4dda601aedef51b8cc8387971,[Perf][Attention] Reduce GLM sparse MLA preparation overhead (#57458),Summer Yang,2026-09-22T00:24:25Z,https://github.com/vllm-project/vllm/commit/a369a7becc20c6c4dda601aedef51b8cc8387971,Observe,,title_triage,保留候选；未凭标题接受
vllm-project/vllm,c64b15cde583c7dd3cbb906b30164131a030d6b4,[Scheduler] Soften Long Prefill Tokens Threshhold (#57951),Robert Shaw,2026-09-22T00:19:42Z,https://github.com/vllm-project/vllm/commit/c64b15cde583c7dd3cbb906b30164131a030d6b4,Observe,,title_triage,保留候选；未凭标题接受
vllm-project/vllm,78d78365254dfa20d3a265b6da695ab8151ec8b1,[CI] Split (H200) LM Eval Large Models into per-model jobs (#57965),Thang Nguyen,2026-09-22T00:19:17Z,https://github.com/vllm-project/vllm/commit/78d78365254dfa20d3a265b6da695ab8151ec8b1,Ignore,,title_triage,CI/docs/test/chore 标题初筛；不宣称无运行时影响
vllm-project/vllm,7d06dd1ffaab13bb6b9a34e86a8a62e4d715bd1e,[Pooling] MRV2 pooling shutdown model ref (#57737),Taneem Ibrahim,2026-09-21T23:54:57Z,https://github.com/vllm-project/vllm/commit/7d06dd1ffaab13bb6b9a34e86a8a62e4d715bd1e,Observe,,title_triage,保留候选；未凭标题接受
vllm-project/vllm,13058faa49f5e4a4d50e1ca562ba0c2fdd73c7bc,[Frontend] Add reusable TP1 initialized-engine snapshots (#51360),Nils Matteson,2026-09-21T23:18:49Z,https://github.com/vllm-project/vllm/commit/13058faa49f5e4a4d50e1ca562ba0c2fdd73c7bc,Observe,,title_triage,保留候选；未凭标题接受
vllm-project/vllm,8bf051cd51adff79e1bc94e910adaea543aaa2e1,[Bugfix][Kernel] Skip the fused silu-mul block-quant fast path when a swiglu clamp is set (#57984),Garrett Goon,2026-09-21T22:38:38Z,https://github.com/vllm-project/vllm/commit/8bf051cd51adff79e1bc94e910adaea543aaa2e1,Observe,,title_triage,保留候选；未凭标题接受
vllm-project/vllm,8644d2af2fb7c4588190a8d7f6c26a3cbef78a0f,[CI][Build] Harden triton-cpu sleef submodule fetch in CPU image build (#57871),vllm-agent,2026-09-21T22:30:14Z,https://github.com/vllm-project/vllm/commit/8644d2af2fb7c4588190a8d7f6c26a3cbef78a0f,Ignore,,title_triage,CI/docs/test/chore 标题初筛；不宣称无运行时影响
vllm-project/vllm,382970ee6ca490aeaaaf4e32c53695b581ff61ba,[Kimi-K3][AMD] Return KDA and MLA projection outputs directly (#50592),yinfengLiu,2026-09-21T20:44:41Z,https://github.com/vllm-project/vllm/commit/382970ee6ca490aeaaaf4e32c53695b581ff61ba,Observe,,title_triage,保留候选；未凭标题接受
vllm-project/vllm,9fe1cbd463055314863a6de210d5f898200a0a9a,[Docker] Use zstd for CI images and offer a Docker Hub variant (#55608),Nils Matteson,2026-09-21T20:40:15Z,https://github.com/vllm-project/vllm/commit/9fe1cbd463055314863a6de210d5f898200a0a9a,Ignore,,title_triage,CI/docs/test/chore 标题初筛；不宣称无运行时影响
vllm-project/vllm,12972ae40bece6f9b9898fadd0c50d6a317df6fd,[Bugfix][ROCm] Reject unsupported EP for monolithic AITER MXFP4 MoE (#57866),Andreas Karatzas,2026-09-21T20:30:21Z,https://github.com/vllm-project/vllm/commit/12972ae40bece6f9b9898fadd0c50d6a317df6fd,Observe,,title_triage,保留候选；未凭标题接受
vllm-project/vllm,9179bcd4166bd03f4903aafed39d2c284eeb8c91,[Bugfix][MoE] Reject hash routing for unsupported monolithic backends (#57867),Andreas Karatzas,2026-09-21T20:28:35Z,https://github.com/vllm-project/vllm/commit/9179bcd4166bd03f4903aafed39d2c284eeb8c91,Observe,,title_triage,保留候选；未凭标题接受
vllm-project/vllm,54020c3c3ec9de219929a5a956010a0251b87520,[Engram] Drop redundant VLLM_PLE_CPU_OFFLOAD env var (#57937),Nicolò Lucchesi,2026-09-21T18:16:02Z,https://github.com/vllm-project/vllm/commit/54020c3c3ec9de219929a5a956010a0251b87520,Observe,,title_triage,保留候选；未凭标题接受
vllm-project/vllm,17322375a2d7815ed3d7c9c3ffd718196564314e,[ROCm][Perf] Route the fused shared-expert gate GEMM through the platform dispatcher (#54185),Mikko Tukiainen,2026-09-21T17:17:55Z,https://github.com/vllm-project/vllm/commit/17322375a2d7815ed3d7c9c3ffd718196564314e,Observe,,title_triage,保留候选；未凭标题接受
vllm-project/vllm,fba33e39cb74c7c31cc648ae530a85e0c6636f92,[Docs] Add an Engram feature page explaining Engram usage in vLLM (#57910),Nicolò Lucchesi,2026-09-21T17:15:28Z,https://github.com/vllm-project/vllm/commit/fba33e39cb74c7c31cc648ae530a85e0c6636f92,Ignore,,title_triage,CI/docs/test/chore 标题初筛；不宣称无运行时影响
vllm-project/vllm,986e217158a9ed54eca8307c6bb9abac7c5b2278,[Feature] Add first-class KV hints request envelope for programmatic KV management (#53423),Karen Chung,2026-09-21T16:56:11Z,https://github.com/vllm-project/vllm/commit/986e217158a9ed54eca8307c6bb9abac7c5b2278,Read,G6,selected_diff,新接纳机制，详见信号
vllm-project/vllm,4f1451679088e5832bce0965a254295c854aaa09,[ROCm][CI] Use ROCm backend for DeepSeek V4.1 ViT test (#57931),djramic,2026-09-21T16:39:31Z,https://github.com/vllm-project/vllm/commit/4f1451679088e5832bce0965a254295c854aaa09,Ignore,,title_triage,CI/docs/test/chore 标题初筛；不宣称无运行时影响
vllm-project/vllm,7853700d4cdc2b84c728c840114ed42cda7454a7,[MM] Move get_dummy_processor_inputs into MM processor (#57967),Cyrus Leung,2026-09-21T16:39:20Z,https://github.com/vllm-project/vllm/commit/7853700d4cdc2b84c728c840114ed42cda7454a7,Observe,,title_triage,保留候选；未凭标题接受
vllm-project/vllm,4e61ad8ee126bf01dbc4d28979014a30628309ed,[Bugfix] unskip InternViT test for transformers v5 compatibility (#55767),Sahil Patel,2026-09-21T16:38:25Z,https://github.com/vllm-project/vllm/commit/4e61ad8ee126bf01dbc4d28979014a30628309ed,Ignore,,title_triage,CI/docs/test/chore 标题初筛；不宣称无运行时影响
vllm-project/vllm,874a6b5a06f19c9d565d14ebe64131d6aaab91cd,[ROCm] Refactor tuned gemms (#55001),afriedri,2026-09-21T16:30:16Z,https://github.com/vllm-project/vllm/commit/874a6b5a06f19c9d565d14ebe64131d6aaab91cd,Observe,,title_triage,保留候选；未凭标题接受
vllm-project/vllm,8c0825090df8b7939a92ff22b02bc7d03cb3605a,[Bugfix][NIXL] Fix DCP pulls across MLA cache regions (#57389),Lucas Wilkinson,2026-09-21T15:57:49Z,https://github.com/vllm-project/vllm/commit/8c0825090df8b7939a92ff22b02bc7d03cb3605a,Observe,,title_triage,保留候选；未凭标题接受
vllm-project/vllm,6b858751f6e99c4f33913657dc0c2afd34ff13e6,[docs] Fix legacy hf CLI references (vllm) (#57958),Lucain,2026-09-21T15:32:27Z,https://github.com/vllm-project/vllm/commit/6b858751f6e99c4f33913657dc0c2afd34ff13e6,Ignore,,title_triage,CI/docs/test/chore 标题初筛；不宣称无运行时影响
vllm-project/vllm,dc479a2d839d5c474b36ac521dc5a72294bcb186,[Bugfix] Fix external LB DP rank handling when replicas share nodes (#53743),Tony Lin,2026-09-21T15:19:14Z,https://github.com/vllm-project/vllm/commit/dc479a2d839d5c474b36ac521dc5a72294bcb186,Observe,,title_triage,保留候选；未凭标题接受
vllm-project/vllm,e34685dfc0c9f46ae58650fe7b08cc89b615a5fe,[ROCm][DSv4] Enable DSpark adaptive verification (#52362),Tuukka Sarvi,2026-09-21T15:03:41Z,https://github.com/vllm-project/vllm/commit/e34685dfc0c9f46ae58650fe7b08cc89b615a5fe,Observe,,title_triage,保留候选；未凭标题接受
vllm-project/vllm,21aa17c1289f9c376c941b5a5e3d140590d4cae1,[Bugfix][Frontend] Accept diarized transcription responses in run-batch (#57948),sfigs,2026-09-21T14:55:38Z,https://github.com/vllm-project/vllm/commit/21aa17c1289f9c376c941b5a5e3d140590d4cae1,Observe,,title_triage,保留候选；未凭标题接受
vllm-project/vllm,887cf91e30545373f90eb967c981b456c9cbbf8d,[Pooling] Fix normalization of chunked long-text embeddings (#57498),Taneem Ibrahim,2026-09-21T14:46:39Z,https://github.com/vllm-project/vllm/commit/887cf91e30545373f90eb967c981b456c9cbbf8d,Observe,,title_triage,保留候选；未凭标题接受
vllm-project/vllm,c8824a1e42bbd674751f808d657d58024c68fb0f,[MM] Move `supports_multimodal_inputs` and cache out of registry (#57913),Cyrus Leung,2026-09-21T14:43:07Z,https://github.com/vllm-project/vllm/commit/c8824a1e42bbd674751f808d657d58024c68fb0f,Observe,,title_triage,保留候选；未凭标题接受
vllm-project/vllm,7488b5780f585fc0a00a6ab28b6a2477696574d1,[ROCm][Tests] Reduce host memory when downcasting FP32 HF references (#57869),Andreas Karatzas,2026-09-21T14:42:47Z,https://github.com/vllm-project/vllm/commit/7488b5780f585fc0a00a6ab28b6a2477696574d1,Observe,,title_triage,保留候选；未凭标题接受
vllm-project/vllm,8b98b7d0b465920740cfa1acf5dde1b6a57d8d52,[Frontend] Add streaming parity tests and docs for derender (#57922),Martin Hickey,2026-09-21T14:13:52Z,https://github.com/vllm-project/vllm/commit/8b98b7d0b465920740cfa1acf5dde1b6a57d8d52,Ignore,,title_triage,CI/docs/test/chore 标题初筛；不宣称无运行时影响
vllm-project/vllm,606d124b377e6462fe0f9076df4d50c88e4dcf48,[Bugfix][Multimodal] Tolerate malformed EXIF in Molmo 2 image preprocessing (#57234),Hotragn Pettugani,2026-09-21T13:27:40Z,https://github.com/vllm-project/vllm/commit/606d124b377e6462fe0f9076df4d50c88e4dcf48,Observe,,title_triage,保留候选；未凭标题接受
vllm-project/vllm,db7f1f671419535b85fa73e29ff061e287e39459,[CI][XPU] Deselect Ray UT in XPU V1 test Job (#57889),Chaojun Zhang,2026-09-21T12:54:58Z,https://github.com/vllm-project/vllm/commit/db7f1f671419535b85fa73e29ff061e287e39459,Ignore,,title_triage,CI/docs/test/chore 标题初筛；不宣称无运行时影响
vllm-project/vllm,7268f6e38ebbb3d61700f16c638c6eba0c88bb0c,[Security] Prefer fresh multimodal payloads over a stale receiver cache (#57833),Juan Pérez de Algaba,2026-09-21T12:50:48Z,https://github.com/vllm-project/vllm/commit/7268f6e38ebbb3d61700f16c638c6eba0c88bb0c,Observe,,title_triage,保留候选；未凭标题接受
vllm-project/vllm,82daf9f5756e1868be0aa751afaec4726beca12a,[CI][ROCm] Add ten AMD parity groups (#57876),Andreas Karatzas,2026-09-21T11:08:06Z,https://github.com/vllm-project/vllm/commit/82daf9f5756e1868be0aa751afaec4726beca12a,Ignore,,title_triage,CI/docs/test/chore 标题初筛；不宣称无运行时影响
vllm-project/vllm,15859bb3a1d81a709b64eff2a1d1f38a958a362b,[Test] Organize structured output utility tests (#57545),CaiJohn,2026-09-21T10:56:28Z,https://github.com/vllm-project/vllm/commit/15859bb3a1d81a709b64eff2a1d1f38a958a362b,Ignore,,title_triage,CI/docs/test/chore 标题初筛；不宣称无运行时影响
vllm-project/vllm,04c1f4a407962a37d01b573f3a2aba91dd2ed3a9,[Bugfix][ROCm][DSv4.1] Disable SWA bounded replay on ROCm (#57906),Fangzhou Ai,2026-09-21T10:29:14Z,https://github.com/vllm-project/vllm/commit/04c1f4a407962a37d01b573f3a2aba91dd2ed3a9,Observe,,title_triage,保留候选；未凭标题接受
vllm-project/vllm,0b7f11a1eece3dc9c689f1b5ab90d60c03b10793,[AuxOutput] Add block-keyed storage for routed-expert outputs (#45635),Hongxin Xu,2026-09-21T10:25:05Z,https://github.com/vllm-project/vllm/commit/0b7f11a1eece3dc9c689f1b5ab90d60c03b10793,Observe,,title_triage,保留候选；未凭标题接受
vllm-project/vllm,0aee727ff6131a1b647941186ceef8f4777bdac2,[CI][ROCm] Increase timeout for MI300 Distributed DP Extended (#57903),djramic,2026-09-21T09:18:59Z,https://github.com/vllm-project/vllm/commit/0aee727ff6131a1b647941186ceef8f4777bdac2,Ignore,,title_triage,CI/docs/test/chore 标题初筛；不宣称无运行时影响
vllm-project/vllm,8902dbb1770b7b1780bf3d978f16cd208702472a,[CI][ROCm] Mirror remaining portable suites without duplicate coverage (#57877),Andreas Karatzas,2026-09-21T09:16:26Z,https://github.com/vllm-project/vllm/commit/8902dbb1770b7b1780bf3d978f16cd208702472a,Ignore,,title_triage,CI/docs/test/chore 标题初筛；不宣称无运行时影响
vllm-project/vllm,b8cf2753825d05d7f41eb4747480b78934953aac,[AMD][Minimax-M3][perf] Enable packed LBHNC AITER QK-norm fusion for MiniMax-M3 on ROCm (#54535),weitliao,2026-09-21T08:38:30Z,https://github.com/vllm-project/vllm/commit/b8cf2753825d05d7f41eb4747480b78934953aac,Observe,,title_triage,保留候选；未凭标题接受
vllm-project/vllm,f05b88751ec74b66ee27eb38f65fdfdda6161239,[CI][ROCm] Make Python-only installation failures blocking (#57870),Andreas Karatzas,2026-09-21T08:29:02Z,https://github.com/vllm-project/vllm/commit/f05b88751ec74b66ee27eb38f65fdfdda6161239,Ignore,,title_triage,CI/docs/test/chore 标题初筛；不宣称无运行时影响
vllm-project/vllm,76ffb0d37488988ec158cab609d5569e9f9ca34c,[Model][Engram] Share host tables across co-located DP replicas by default (#57651),Juntian Liu,2026-09-21T08:26:56Z,https://github.com/vllm-project/vllm/commit/76ffb0d37488988ec158cab609d5569e9f9ca34c,Observe,,title_triage,保留候选；未凭标题接受
vllm-project/vllm,0ff0477ff955154f37db48791260cdf27fa35e60,[Perf][ROCm] Add a ROCm path for Hy4 and compile the backbone (#57526),akii96,2026-09-21T08:20:43Z,https://github.com/vllm-project/vllm/commit/0ff0477ff955154f37db48791260cdf27fa35e60,Observe,,title_triage,保留候选；未凭标题接受
vllm-project/vllm,67513c8b67e2439934ce7c0ba5a18c2e859f5c53,[Bugfix][DSV4.1] Restrict mHC overlap to full CUDA graphs (#57874),Woosuk Kwon,2026-09-21T08:16:59Z,https://github.com/vllm-project/vllm/commit/67513c8b67e2439934ce7c0ba5a18c2e859f5c53,Observe,,title_triage,保留候选；未凭标题接受
vllm-project/vllm,97dc6b19d2fe92b794b49e684677a2e1a8b2c540,[Perf][Attention] Avoid redundant sparse attention metadata operations (#57885),Woosuk Kwon,2026-09-21T07:08:43Z,https://github.com/vllm-project/vllm/commit/97dc6b19d2fe92b794b49e684677a2e1a8b2c540,Observe,,title_triage,保留候选；未凭标题接受
vllm-project/vllm,3c84ad13ed3f9fcd816bf1d15acb83c28cfa02f9,[Bugfix] Fix xgrammar feature gate bypass when JSON Schema type is a list (#48416),CaiJohn,2026-09-21T06:59:20Z,https://github.com/vllm-project/vllm/commit/3c84ad13ed3f9fcd816bf1d15acb83c28cfa02f9,Observe,,title_triage,保留候选；未凭标题接受
vllm-project/vllm,9598487bc1829504c8af81d6007ab6b9deeaa15a,[Bugfix][Model] Mistral3: align placeholder grid with public processor (#53758),Oliver Holworthy,2026-09-21T06:36:59Z,https://github.com/vllm-project/vllm/commit/9598487bc1829504c8af81d6007ab6b9deeaa15a,Observe,,title_triage,保留候选；未凭标题接受
vllm-project/vllm,59f15272802077724c4ed483ea8ad393725554e4,[Bugfix] Fix Whisper engine crash on audio clips longer than 30s (#57769),Tianyao Wu,2026-09-21T05:44:40Z,https://github.com/vllm-project/vllm/commit/59f15272802077724c4ed483ea8ad393725554e4,Observe,,title_triage,保留候选；未凭标题接受
vllm-project/vllm,8ec00ec2bc2d294b742f7814041d3a3043e0a90e,[Tests] Release HF embedding weights after prompt extraction (#57868),Andreas Karatzas,2026-09-21T05:27:29Z,https://github.com/vllm-project/vllm/commit/8ec00ec2bc2d294b742f7814041d3a3043e0a90e,Observe,,title_triage,保留候选；未凭标题接受
vllm-project/vllm,6654bcbfca86a8c17c8a377f6813c7a86e64cd6d,[MRV2][XPU] use xpu sample kernel in mrv2 sampler (#57277),liuzhenwei,2026-09-21T05:24:41Z,https://github.com/vllm-project/vllm/commit/6654bcbfca86a8c17c8a377f6813c7a86e64cd6d,Observe,,title_triage,保留候选；未凭标题接受
vllm-project/vllm,76ee20c1ec5a9d6e094ecaecd46d71a5d591d05c,[ROCm][Tests] Avoid pooling cleanup waits against live shared engines (#57864),Andreas Karatzas,2026-09-21T05:21:35Z,https://github.com/vllm-project/vllm/commit/76ee20c1ec5a9d6e094ecaecd46d71a5d591d05c,Observe,,title_triage,保留候选；未凭标题接受
vllm-project/vllm,a15dbbd63daaba913b3302a858ad7e20e6dcc219,[XPU][CI] fallback to 7-args of moe_align_block_size (#57855),liuzhenwei,2026-09-21T05:15:29Z,https://github.com/vllm-project/vllm/commit/a15dbbd63daaba913b3302a858ad7e20e6dcc219,Ignore,,title_triage,CI/docs/test/chore 标题初筛；不宣称无运行时影响
vllm-project/vllm,3df4ae153eb385e27b52f26c81f8edb9e20b9984,[Core][KDA] Generalize Mamba prefill checkpoint builder and exporter (#57783),Chauncey,2026-09-21T04:46:11Z,https://github.com/vllm-project/vllm/commit/3df4ae153eb385e27b52f26c81f8edb9e20b9984,Observe,,title_triage,保留候选；未凭标题接受
vllm-project/vllm,ff0c8854946b75dc0fe160756e8adff10a8da053,[Bugfix] DiffusionGemma: fix multimodal support (#57589),Matt Mastracci,2026-09-21T04:05:24Z,https://github.com/vllm-project/vllm/commit/ff0c8854946b75dc0fe160756e8adff10a8da053,Observe,,title_triage,保留候选；未凭标题接受
vllm-project/vllm,9a70c233cd5d3ef3b14d79c582a6f9ddfa03cf80,[Perf][DSV4.1] Fuse TP all-reduce with mHC input preparation (#57643),Woosuk Kwon,2026-09-21T03:28:06Z,https://github.com/vllm-project/vllm/commit/9a70c233cd5d3ef3b14d79c582a6f9ddfa03cf80,Observe,,title_triage,保留候选；未凭标题接受
vllm-project/vllm,eb87980585c10f7e5ee8f498fd3830898101d208,[Build] Fix DeepGEMM CUDA 12.9 release builds (#57554),Kevin H. Luu,2026-09-21T03:14:00Z,https://github.com/vllm-project/vllm/commit/eb87980585c10f7e5ee8f498fd3830898101d208,Observe,,title_triage,保留候选；未凭标题接受
vllm-project/vllm,86ce4d10e290e6179e6f1d5ee392f582814d5747,[BUGFIX][HY4]  Record indexer completion event for full CUDA graph capture (#57811),Jee Jee Li,2026-09-21T02:59:11Z,https://github.com/vllm-project/vllm/commit/86ce4d10e290e6179e6f1d5ee392f582814d5747,Observe,,title_triage,保留候选；未凭标题接受
vllm-project/vllm,3918f3c5a3e389fb17d9c0d629811f3745014db0,[Profiler] Unify platform-aware torch profiling (#57460),czhu-cohere,2026-09-21T02:17:23Z,https://github.com/vllm-project/vllm/commit/3918f3c5a3e389fb17d9c0d629811f3745014db0,Observe,,title_triage,保留候选；未凭标题接受
vllm-project/vllm,6dfd87f59658eba0af0354418ca725c64ef1ed7d,[ROCm][DSv4.1] Keep the Engram tables in host memory on ROCm (#57491),JohnQinAMD,2026-09-21T02:17:11Z,https://github.com/vllm-project/vllm/commit/6dfd87f59658eba0af0354418ca725c64ef1ed7d,Observe,,title_triage,保留候选；未凭标题接受
vllm-project/vllm,3e67044972939772ef6cd06957bf3199a41b5139,[Doc] Refresh Kthena integration guide (#57314),Zhou Zihang,2026-09-21T01:42:55Z,https://github.com/vllm-project/vllm/commit/3e67044972939772ef6cd06957bf3199a41b5139,Ignore,,title_triage,CI/docs/test/chore 标题初筛；不宣称无运行时影响
vllm-project/vllm,11852548518b13c9a00a4e73dadd19d44e221e2b,[Bugfix][KV Connector] Propagate cache reset failure during sleep (#54581),CrazyCoder,2026-09-21T01:25:02Z,https://github.com/vllm-project/vllm/commit/11852548518b13c9a00a4e73dadd19d44e221e2b,Observe,,title_triage,保留候选；未凭标题接受
vllm-project/vllm,7ddd461a284d2c318410f29110f1604028b961ee,[Docs] Add ECMooncakeConnector usage example for EPD (#57742),jiangkuaixue123,2026-09-21T01:15:02Z,https://github.com/vllm-project/vllm/commit/7ddd461a284d2c318410f29110f1604028b961ee,Ignore,,title_triage,CI/docs/test/chore 标题初筛；不宣称无运行时影响
vllm-project/vllm,d2983f2f163249acbe3053c073cb9830290984a0,[Bugfix][Spec Decode] Stop dummy draft decode steps from writing KV through stale block-table rows (#56734),Yifan Qiao,2026-09-21T01:06:25Z,https://github.com/vllm-project/vllm/commit/d2983f2f163249acbe3053c073cb9830290984a0,Read,G8,selected_diff,新接纳机制，详见信号
vllm-project/vllm,9b49f92344312c41ad61e05282c8e6a2d9bafb7f,[Perf][DSV4.1] Overlap mHC coefficients for small TP batches (#57603),Woosuk Kwon,2026-09-21T00:33:17Z,https://github.com/vllm-project/vllm/commit/9b49f92344312c41ad61e05282c8e6a2d9bafb7f,Observe,,title_triage,保留候选；未凭标题接受
vllm-project/vllm,17e50b9b761023d5f2499f062507df1ff49092a4,[XPU][UT]Bugfix when the process can't see all the world_size meet accuracy issue. (#57779),YiSheng5,2026-09-20T22:50:25Z,https://github.com/vllm-project/vllm/commit/17e50b9b761023d5f2499f062507df1ff49092a4,Observe,,title_triage,保留候选；未凭标题接受
vllm-project/vllm,96791737887224c8bfec0a791517759f62e4d93b,[KVConnector][MoRIIO] Transfer hybrid mamba/KDA recurrent state in READ mode (#51052),YukioZzz,2026-09-20T21:30:34Z,https://github.com/vllm-project/vllm/commit/96791737887224c8bfec0a791517759f62e4d93b,Observe,,title_triage,保留候选；未凭标题接受
vllm-project/vllm,01f1f58f10c616850a5f5ade129a7b58d62075fb,[ROCm][CI] Query HIP device memory for test GPU teardown waits. (#57450),Sheral Kumar,2026-09-20T20:20:39Z,https://github.com/vllm-project/vllm/commit/01f1f58f10c616850a5f5ade129a7b58d62075fb,Ignore,,title_triage,CI/docs/test/chore 标题初筛；不宣称无运行时影响
vllm-project/vllm,4868312128172a424a7cf4c90f25c53b49186346,[Refactor] Remove dead kernel code (#57621),Wentao Ye,2026-09-20T17:39:23Z,https://github.com/vllm-project/vllm/commit/4868312128172a424a7cf4c90f25c53b49186346,Observe,,title_triage,保留候选；未凭标题接受
vllm-project/vllm,49ee12d742b4a5524d2a3a3ee6c3fb77e4913073,[Misc] Rename --enable-mamba-fine-grained-prefix-cache (#53945 follow-up) (#57382),roikoren755,2026-09-20T16:50:34Z,https://github.com/vllm-project/vllm/commit/49ee12d742b4a5524d2a3a3ee6c3fb77e4913073,Observe,,title_triage,保留候选；未凭标题接受
vllm-project/vllm,7d99c2c4fd61cdeebd29cc7b60584bad10d1ef99,[Feature][Humming] Humming feature integration (#56685),Jinzhen Lin,2026-09-20T15:11:01Z,https://github.com/vllm-project/vllm/commit/7d99c2c4fd61cdeebd29cc7b60584bad10d1ef99,Observe,,title_triage,保留候选；未凭标题接受
vllm-project/vllm,27757dde020ecda4f9b0e2c5ca2df1c29badc82f,[DSV4.1] Add encoder cuda graph support for deepseek-v4.1-flash (#56625),Isotr0py,2026-09-20T13:51:13Z,https://github.com/vllm-project/vllm/commit/27757dde020ecda4f9b0e2c5ca2df1c29badc82f,Observe,,title_triage,保留候选；未凭标题接受
vllm-project/vllm,9b2f34cad446f73b1699e8236ec0b611a65f48af,[Feature] support bf16 MoE router and mxfp4 MoE for MiMo V2 (#57784),Zyann,2026-09-20T13:25:56Z,https://github.com/vllm-project/vllm/commit/9b2f34cad446f73b1699e8236ec0b611a65f48af,Observe,,title_triage,保留候选；未凭标题接受
vllm-project/vllm,10e6a7f21094b76c65efb029b39b3f2227516418,[Frontend] Expose per-request spec decode metrics in generate API (#43310),Hongxin Xu,2026-09-20T12:21:33Z,https://github.com/vllm-project/vllm/commit/10e6a7f21094b76c65efb029b39b3f2227516418,Observe,,title_triage,保留候选；未凭标题接受
vllm-project/vllm,bf01fc4a313cc90863c470f37a26e41fd7b16fd1,[GLM-5.3-Flash] Route kpool indexer top-k through the shared   SparseIndexerTopk dispatcher (#57546),Chauncey,2026-09-20T11:17:59Z,https://github.com/vllm-project/vllm/commit/bf01fc4a313cc90863c470f37a26e41fd7b16fd1,Observe,,title_triage,保留候选；未凭标题接受
vllm-project/vllm,f648eed23dc48fcc8ba64be0c4182f8e775b5bfa,[Bugfix][KV Offload] Skip non-prefix-cacheable groups in SimpleCPUOffload (GLM-5.3-Flash kpool tail and QSA) (#56810),Jared Wen,2026-09-20T10:58:55Z,https://github.com/vllm-project/vllm/commit/f648eed23dc48fcc8ba64be0c4182f8e775b5bfa,Observe,,title_triage,保留候选；未凭标题接受
vllm-project/vllm,1b9fa3eaa8ff23d1a583f2f77dd2b33c9f896ee8,[Perf][GLM] Fuse the kpool tail slot mapping into one Triton kernel (#57534),Jared Wen,2026-09-20T10:20:55Z,https://github.com/vllm-project/vllm/commit/1b9fa3eaa8ff23d1a583f2f77dd2b33c9f896ee8,Observe,,title_triage,保留候选；未凭标题接受
vllm-project/vllm,db1bfdd4fb0dd7b8226402ee00abc7a987561b7c,[Bugfix][GLM-5.3-Flash] Address kpool tail blocks by the padded indexer stride in the NVIDIA prefill seed kernel (#57477),Jared Wen,2026-09-20T10:15:04Z,https://github.com/vllm-project/vllm/commit/db1bfdd4fb0dd7b8226402ee00abc7a987561b7c,Observe,,title_triage,保留候选；未凭标题接受
vllm-project/vllm,0748d3bd57cb5c4303e58c8465e21f069629480d,[Model][LoRA] Enable LoRA support for VoyageQwen3BidirectionalEmbedModel (#57708),mahird3,2026-09-20T09:50:00Z,https://github.com/vllm-project/vllm/commit/0748d3bd57cb5c4303e58c8465e21f069629480d,Observe,,title_triage,保留候选；未凭标题接受
vllm-project/vllm,e5fce7b56b07cdf992febd0862bfd599d6dca3fd,[Core][Kernel] Share persistent workspaces for Marlin and Humming (#57421),Misha Goin,2026-09-20T09:28:33Z,https://github.com/vllm-project/vllm/commit/e5fce7b56b07cdf992febd0862bfd599d6dca3fd,Observe,,title_triage,保留候选；未凭标题接受
vllm-project/vllm,0e110f696db450f5645ce1daf9945241212d6ef3,[ROCm][DSV4][Perf] Use FP8 WO_A output projection (#54894),yinfengLiu,2026-09-20T09:13:55Z,https://github.com/vllm-project/vllm/commit/0e110f696db450f5645ce1daf9945241212d6ef3,Observe,,title_triage,保留候选；未凭标题接受
vllm-project/vllm,27b7757f6364be5b0b714793ccdc3e3931443bca,[Bugfix][Frontend] Bound the prompt after multimodal expansion (#57076),Dilber,2026-09-20T08:52:27Z,https://github.com/vllm-project/vllm/commit/27b7757f6364be5b0b714793ccdc3e3931443bca,Observe,,title_triage,保留候选；未凭标题接受
vllm-project/vllm,e378275a8f20eac9e92212e4a1fee84ec5a31dc7,[Model] Pass intermediate_tensors to the model when capturing CUDA gr… (#57745),Mi Jiazhi,2026-09-20T06:23:29Z,https://github.com/vllm-project/vllm/commit/e378275a8f20eac9e92212e4a1fee84ec5a31dc7,Observe,,title_triage,保留候选；未凭标题接受
vllm-project/vllm,d05da62e9ccdf8e342b15bf6785d83224cc165af,[XPU] fix incorrect gdn kernel log for XPU path (#54871),Yan Ma,2026-09-20T06:00:31Z,https://github.com/vllm-project/vllm/commit/d05da62e9ccdf8e342b15bf6785d83224cc165af,Observe,,title_triage,保留候选；未凭标题接受
vllm-project/vllm,601e1c7c51a10d6fd884d39f079f38bb942e436f,[Perf] Give a prefill-only batch the model state's number of logit rows (#57416),Matt Mastracci,2026-09-20T04:58:30Z,https://github.com/vllm-project/vllm/commit/601e1c7c51a10d6fd884d39f079f38bb942e436f,Observe,,title_triage,保留候选；未凭标题接受
vllm-project/vllm,0c90804c0b8b139c252a86c79a3af26d181e11a0,[Bugfix] DiffusionGemma: cast the self-conditioning soft embed to the buffer dtype (#57462),Matt Mastracci,2026-09-20T04:58:02Z,https://github.com/vllm-project/vllm/commit/0c90804c0b8b139c252a86c79a3af26d181e11a0,Observe,,title_triage,保留候选；未凭标题接受
vllm-project/vllm,92b40f5a144763c8b2ef6ebe848793de634ada05,[CPU][Perf] refactor paged attention for Arm CPUs (#56045),Fadi Arafeh,2026-09-20T04:25:13Z,https://github.com/vllm-project/vllm/commit/92b40f5a144763c8b2ef6ebe848793de634ada05,Observe,,title_triage,保留候选；未凭标题接受
vllm-project/vllm,70fc7bd695e6c9161ec7f3ba67b73e243189d571,[Feature][EPD] Support dynamic EPD (EC-connector) proxy (#54176),Tianyu Guo,2026-09-20T04:24:41Z,https://github.com/vllm-project/vllm/commit/70fc7bd695e6c9161ec7f3ba67b73e243189d571,Observe,,title_triage,保留候选；未凭标题接受
vllm-project/vllm,1596fa5f8825d1b949463d51f3ed03650b0f539a,[ROCm][DSv4.1][Perf] Reuse the decode topk ragged metadata across layers (#57434),Fangzhou Ai,2026-09-20T03:46:33Z,https://github.com/vllm-project/vllm/commit/1596fa5f8825d1b949463d51f3ed03650b0f539a,Observe,,title_triage,保留候选；未凭标题接受
vllm-project/vllm,03f83013872015f6addb66954e2752d2d9bccd96,Add one-step recipe serving (#57306),Louie Tsai,2026-09-20T03:24:09Z,https://github.com/vllm-project/vllm/commit/03f83013872015f6addb66954e2752d2d9bccd96,Observe,,title_triage,保留候选；未凭标题接受
vllm-project/vllm,1c3ef2ad4cabfbc2e5d74494b0b2bf8c3cb3f936,[XPU][UT]Fix test_mnnvl_alltoall device and distributed backend (#57591),YiSheng5,2026-09-20T02:53:00Z,https://github.com/vllm-project/vllm/commit/1c3ef2ad4cabfbc2e5d74494b0b2bf8c3cb3f936,Observe,,title_triage,保留候选；未凭标题接受
vllm-project/vllm,f4fc5aae7fea790e78bb2b5ed62f636dc20c71d8,[XPU][UT]Using the device_control_env_var to restrict visible device on different platform (#57581),YiSheng5,2026-09-20T02:52:50Z,https://github.com/vllm-project/vllm/commit/f4fc5aae7fea790e78bb2b5ed62f636dc20c71d8,Observe,,title_triage,保留候选；未凭标题接受
